run_id,returncode,out_json,out_log,err_log,seconds,tau,alpha,sigma,beta,bpe_warmstart,bpe_bytes,bpe_words,bpe_tokens,bpe_bytes_per_token,bpe_tokens_per_byte,bpe_fertility,bpe_pcw,bpe_avg_token_chars,bpe_unique_tokens_used,spec_bytes,spec_words,spec_tokens,spec_bytes_per_token,spec_tokens_per_byte,spec_fertility,spec_pcw,spec_avg_token_chars,spec_unique_tokens_used,spec_nsl_vs_bpe
r0013_tau5_alpha0p4_sigma0p4_beta0p2_bpe100,0,sweeps/20260201_214318/json/r0013_tau5_alpha0p4_sigma0p4_beta0p2_bpe100.json,sweeps/20260201_214318/logs/r0013_tau5_alpha0p4_sigma0p4_beta0p2_bpe100.out,sweeps/20260201_214318/logs/r0013_tau5_alpha0p4_sigma0p4_beta0p2_bpe100.err,2133.011,5,0.4,0.4,0.2,100,1141787.000000,213886.000000,414290.000000,2.756009,0.362844,1.936966,0.455336,2.228724,1183.000000,1141787.000000,213886.000000,465124.000000,2.454801,0.407365,2.174635,0.465290,1.985144,1197.000000,1.122701
r0009_tau5_alpha0p4_sigma0p4_beta0p15_bpe100,0,sweeps/20260201_214318/json/r0009_tau5_alpha0p4_sigma0p4_beta0p15_bpe100.json,sweeps/20260201_214318/logs/r0009_tau5_alpha0p4_sigma0p4_beta0p15_bpe100.out,sweeps/20260201_214318/logs/r0009_tau5_alpha0p4_sigma0p4_beta0p15_bpe100.err,2150.246,5,0.4,0.4,0.15,100,1141787.000000,213886.000000,414290.000000,2.756009,0.362844,1.936966,0.455336,2.228724,1183.000000,1141787.000000,213886.000000,465289.000000,2.453931,0.407509,2.175407,0.465098,1.984440,1197.000000,1.123100
r0001_tau5_alpha0p4_sigma0p4_beta0p01_bpe100,0,sweeps/20260201_214318/json/r0001_tau5_alpha0p4_sigma0p4_beta0p01_bpe100.json,sweeps/20260201_214318/logs/r0001_tau5_alpha0p4_sigma0p4_beta0p01_bpe100.out,sweeps/20260201_214318/logs/r0001_tau5_alpha0p4_sigma0p4_beta0p01_bpe100.err,2159.606,5,0.4,0.4,0.01,100,1141787.000000,213886.000000,414290.000000,2.756009,0.362844,1.936966,0.455336,2.228724,1183.000000,1141787.000000,213886.000000,466111.000000,2.449603,0.408229,2.179250,0.466323,1.980940,1196.000000,1.125084
r0005_tau5_alpha0p4_sigma0p4_beta0p1_bpe100,0,sweeps/20260201_214318/json/r0005_tau5_alpha0p4_sigma0p4_beta0p1_bpe100.json,sweeps/20260201_214318/logs/r0005_tau5_alpha0p4_sigma0p4_beta0p1_bpe100.out,sweeps/20260201_214318/logs/r0005_tau5_alpha0p4_sigma0p4_beta0p1_bpe100.err,2177.428,5,0.4,0.4,0.1,100,1141787.000000,213886.000000,414290.000000,2.756009,0.362844,1.936966,0.455336,2.228724,1183.000000,1141787.000000,213886.000000,465283.000000,2.453962,0.407504,2.175378,0.466449,1.984465,1197.000000,1.123085
r0010_tau5_alpha0p4_sigma0p4_beta0p15_bpe200,0,sweeps/20260201_214318/json/r0010_tau5_alpha0p4_sigma0p4_beta0p15_bpe200.json,sweeps/20260201_214318/logs/r0010_tau5_alpha0p4_sigma0p4_beta0p15_bpe200.out,sweeps/20260201_214318/logs/r0010_tau5_alpha0p4_sigma0p4_beta0p15_bpe200.err,2199.585,5,0.4,0.4,0.15,200,1141787.000000,213886.000000,414290.000000,2.756009,0.362844,1.936966,0.455336,2.228724,1183.000000,1141787.000000,213886.000000,441465.000000,2.586359,0.386644,2.064020,0.447276,2.091532,1191.000000,1.065594
r0006_tau5_alpha0p4_sigma0p4_beta0p1_bpe200,0,sweeps/20260201_214318/json/r0006_tau5_alpha0p4_sigma0p4_beta0p1_bpe200.json,sweeps/20260201_214318/logs/r0006_tau5_alpha0p4_sigma0p4_beta0p1_bpe200.out,sweeps/20260201_214318/logs/r0006_tau5_alpha0p4_sigma0p4_beta0p1_bpe200.err,2209.318,5,0.4,0.4,0.1,200,1141787.000000,213886.000000,414290.000000,2.756009,0.362844,1.936966,0.455336,2.228724,1183.000000,1141787.000000,213886.000000,441357.000000,2.586992,0.386549,2.063515,0.447173,2.092043,1193.000000,1.065333
r0002_tau5_alpha0p4_sigma0p4_beta0p01_bpe200,0,sweeps/20260201_214318/json/r0002_tau5_alpha0p4_sigma0p4_beta0p01_bpe200.json,sweeps/20260201_214318/logs/r0002_tau5_alpha0p4_sigma0p4_beta0p01_bpe200.out,sweeps/20260201_214318/logs/r0002_tau5_alpha0p4_sigma0p4_beta0p01_bpe200.err,2223.029,5,0.4,0.4,0.01,200,1141787.000000,213886.000000,414290.000000,2.756009,0.362844,1.936966,0.455336,2.228724,1183.000000,1141787.000000,213886.000000,441189.000000,2.587977,0.386402,2.062730,0.447855,2.092840,1191.000000,1.064928
r0014_tau5_alpha0p4_sigma0p4_beta0p2_bpe200,0,sweeps/20260201_214318/json/r0014_tau5_alpha0p4_sigma0p4_beta0p2_bpe200.json,sweeps/20260201_214318/logs/r0014_tau5_alpha0p4_sigma0p4_beta0p2_bpe200.out,sweeps/20260201_214318/logs/r0014_tau5_alpha0p4_sigma0p4_beta0p2_bpe200.err,2262.807,5,0.4,0.4,0.2,200,1141787.000000,213886.000000,414290.000000,2.756009,0.362844,1.936966,0.455336,2.228724,1183.000000,1141787.000000,213886.000000,441486.000000,2.586236,0.386662,2.064118,0.447299,2.091432,1191.000000,1.065645
r0015_tau5_alpha0p4_sigma0p4_beta0p2_bpe300,0,sweeps/20260201_214318/json/r0015_tau5_alpha0p4_sigma0p4_beta0p2_bpe300.json,sweeps/20260201_214318/logs/r0015_tau5_alpha0p4_sigma0p4_beta0p2_bpe300.out,sweeps/20260201_214318/logs/r0015_tau5_alpha0p4_sigma0p4_beta0p2_bpe300.err,2271.459,5,0.4,0.4,0.2,300,1141787.000000,213886.000000,414290.000000,2.756009,0.362844,1.936966,0.455336,2.228724,1183.000000,1141787.000000,213886.000000,432398.000000,2.640593,0.378703,2.021628,0.439716,2.135389,1199.000000,1.043709
r0007_tau5_alpha0p4_sigma0p4_beta0p1_bpe300,0,sweeps/20260201_214318/json/r0007_tau5_alpha0p4_sigma0p4_beta0p1_bpe300.json,sweeps/20260201_214318/logs/r0007_tau5_alpha0p4_sigma0p4_beta0p1_bpe300.out,sweeps/20260201_214318/logs/r0007_tau5_alpha0p4_sigma0p4_beta0p1_bpe300.err,2280.734,5,0.4,0.4,0.1,300,1141787.000000,213886.000000,414290.000000,2.756009,0.362844,1.936966,0.455336,2.228724,1183.000000,1141787.000000,213886.000000,432579.000000,2.639488,0.378861,2.022475,0.440202,2.134496,1200.000000,1.044145
r0011_tau5_alpha0p4_sigma0p4_beta0p15_bpe300,0,sweeps/20260201_214318/json/r0011_tau5_alpha0p4_sigma0p4_beta0p15_bpe300.json,sweeps/20260201_214318/logs/r0011_tau5_alpha0p4_sigma0p4_beta0p15_bpe300.out,sweeps/20260201_214318/logs/r0011_tau5_alpha0p4_sigma0p4_beta0p15_bpe300.err,2313.211,5,0.4,0.4,0.15,300,1141787.000000,213886.000000,414290.000000,2.756009,0.362844,1.936966,0.455336,2.228724,1183.000000,1141787.000000,213886.000000,432634.000000,2.639152,0.378910,2.022732,0.439739,2.134224,1200.000000,1.044278
r0003_tau5_alpha0p4_sigma0p4_beta0p01_bpe300,0,sweeps/20260201_214318/json/r0003_tau5_alpha0p4_sigma0p4_beta0p01_bpe300.json,sweeps/20260201_214318/logs/r0003_tau5_alpha0p4_sigma0p4_beta0p01_bpe300.out,sweeps/20260201_214318/logs/r0003_tau5_alpha0p4_sigma0p4_beta0p01_bpe300.err,2320.971,5,0.4,0.4,0.01,300,1141787.000000,213886.000000,414290.000000,2.756009,0.362844,1.936966,0.455336,2.228724,1183.000000,1141787.000000,213886.000000,432677.000000,2.638890,0.378947,2.022933,0.438813,2.134012,1202.000000,1.044382
r0008_tau5_alpha0p4_sigma0p4_beta0p1_bpe400,0,sweeps/20260201_214318/json/r0008_tau5_alpha0p4_sigma0p4_beta0p1_bpe400.json,sweeps/20260201_214318/logs/r0008_tau5_alpha0p4_sigma0p4_beta0p1_bpe400.out,sweeps/20260201_214318/logs/r0008_tau5_alpha0p4_sigma0p4_beta0p1_bpe400.err,2359.966,5,0.4,0.4,0.1,400,1141787.000000,213886.000000,414290.000000,2.756009,0.362844,1.936966,0.455336,2.228724,1183.000000,1141787.000000,213886.000000,425260.000000,2.684915,0.372451,1.988255,0.437448,2.171232,1193.000000,1.026479
r0016_tau5_alpha0p4_sigma0p4_beta0p2_bpe400,0,sweeps/20260201_214318/json/r0016_tau5_alpha0p4_sigma0p4_beta0p2_bpe400.json,sweeps/20260201_214318/logs/r0016_tau5_alpha0p4_sigma0p4_beta0p2_bpe400.out,sweeps/20260201_214318/logs/r0016_tau5_alpha0p4_sigma0p4_beta0p2_bpe400.err,2372.261,5,0.4,0.4,0.2,400,1141787.000000,213886.000000,414290.000000,2.756009,0.362844,1.936966,0.455336,2.228724,1183.000000,1141787.000000,213886.000000,425100.000000,2.685926,0.372311,1.987507,0.438098,2.172049,1194.000000,1.026093
r0004_tau5_alpha0p4_sigma0p4_beta0p01_bpe400,0,sweeps/20260201_214318/json/r0004_tau5_alpha0p4_sigma0p4_beta0p01_bpe400.json,sweeps/20260201_214318/logs/r0004_tau5_alpha0p4_sigma0p4_beta0p01_bpe400.out,sweeps/20260201_214318/logs/r0004_tau5_alpha0p4_sigma0p4_beta0p01_bpe400.err,2380.888,5,0.4,0.4,0.01,400,1141787.000000,213886.000000,414290.000000,2.756009,0.362844,1.936966,0.455336,2.228724,1183.000000,1141787.000000,213886.000000,424994.000000,2.686596,0.372218,1.987012,0.436560,2.172591,1195.000000,1.025837
r0012_tau5_alpha0p4_sigma0p4_beta0p15_bpe400,0,sweeps/20260201_214318/json/r0012_tau5_alpha0p4_sigma0p4_beta0p15_bpe400.json,sweeps/20260201_214318/logs/r0012_tau5_alpha0p4_sigma0p4_beta0p15_bpe400.out,sweeps/20260201_214318/logs/r0012_tau5_alpha0p4_sigma0p4_beta0p15_bpe400.err,2406.837,5,0.4,0.4,0.15,400,1141787.000000,213886.000000,414290.000000,2.756009,0.362844,1.936966,0.455336,2.228724,1183.000000,1141787.000000,213886.000000,425199.000000,2.685300,0.372398,1.987970,0.437373,2.171543,1193.000000,1.026332
r0017_tau5_alpha0p4_sigma0p6_beta0p01_bpe100,0,sweeps/20260201_214318/json/r0017_tau5_alpha0p4_sigma0p6_beta0p01_bpe100.json,sweeps/20260201_214318/logs/r0017_tau5_alpha0p4_sigma0p6_beta0p01_bpe100.out,sweeps/20260201_214318/logs/r0017_tau5_alpha0p4_sigma0p6_beta0p01_bpe100.err,2167.206,5,0.4,0.6,0.01,100,1141787.000000,213886.000000,414290.000000,2.756009,0.362844,1.936966,0.455336,2.228724,1183.000000,1141787.000000,213886.000000,466111.000000,2.449603,0.408229,2.179250,0.466323,1.980940,1196.000000,1.125084
r0021_tau5_alpha0p4_sigma0p6_beta0p1_bpe100,0,sweeps/20260201_214318/json/r0021_tau5_alpha0p4_sigma0p6_beta0p1_bpe100.json,sweeps/20260201_214318/logs/r0021_tau5_alpha0p4_sigma0p6_beta0p1_bpe100.out,sweeps/20260201_214318/logs/r0021_tau5_alpha0p4_sigma0p6_beta0p1_bpe100.err,2129.447,5,0.4,0.6,0.1,100,1141787.000000,213886.000000,414290.000000,2.756009,0.362844,1.936966,0.455336,2.228724,1183.000000,1141787.000000,213886.000000,465283.000000,2.453962,0.407504,2.175378,0.466449,1.984465,1197.000000,1.123085
r0018_tau5_alpha0p4_sigma0p6_beta0p01_bpe200,0,sweeps/20260201_214318/json/r0018_tau5_alpha0p4_sigma0p6_beta0p01_bpe200.json,sweeps/20260201_214318/logs/r0018_tau5_alpha0p4_sigma0p6_beta0p01_bpe200.out,sweeps/20260201_214318/logs/r0018_tau5_alpha0p4_sigma0p6_beta0p01_bpe200.err,2221.289,5,0.4,0.6,0.01,200,1141787.000000,213886.000000,414290.000000,2.756009,0.362844,1.936966,0.455336,2.228724,1183.000000,1141787.000000,213886.000000,441189.000000,2.587977,0.386402,2.062730,0.447855,2.092840,1191.000000,1.064928
r0022_tau5_alpha0p4_sigma0p6_beta0p1_bpe200,0,sweeps/20260201_214318/json/r0022_tau5_alpha0p4_sigma0p6_beta0p1_bpe200.json,sweeps/20260201_214318/logs/r0022_tau5_alpha0p4_sigma0p6_beta0p1_bpe200.out,sweeps/20260201_214318/logs/r0022_tau5_alpha0p4_sigma0p6_beta0p1_bpe200.err,2197.291,5,0.4,0.6,0.1,200,1141787.000000,213886.000000,414290.000000,2.756009,0.362844,1.936966,0.455336,2.228724,1183.000000,1141787.000000,213886.000000,441357.000000,2.586992,0.386549,2.063515,0.447173,2.092043,1193.000000,1.065333
r0025_tau5_alpha0p4_sigma0p6_beta0p15_bpe100,0,sweeps/20260201_214318/json/r0025_tau5_alpha0p4_sigma0p6_beta0p15_bpe100.json,sweeps/20260201_214318/logs/r0025_tau5_alpha0p4_sigma0p6_beta0p15_bpe100.out,sweeps/20260201_214318/logs/r0025_tau5_alpha0p4_sigma0p6_beta0p15_bpe100.err,2160.778,5,0.4,0.6,0.15,100,1141787.000000,213886.000000,414290.000000,2.756009,0.362844,1.936966,0.455336,2.228724,1183.000000,1141787.000000,213886.000000,465289.000000,2.453931,0.407509,2.175407,0.465098,1.984440,1197.000000,1.123100
r0019_tau5_alpha0p4_sigma0p6_beta0p01_bpe300,0,sweeps/20260201_214318/json/r0019_tau5_alpha0p4_sigma0p6_beta0p01_bpe300.json,sweeps/20260201_214318/logs/r0019_tau5_alpha0p4_sigma0p6_beta0p01_bpe300.out,sweeps/20260201_214318/logs/r0019_tau5_alpha0p4_sigma0p6_beta0p01_bpe300.err,2305.240,5,0.4,0.6,0.01,300,1141787.000000,213886.000000,414290.000000,2.756009,0.362844,1.936966,0.455336,2.228724,1183.000000,1141787.000000,213886.000000,432677.000000,2.638890,0.378947,2.022933,0.438813,2.134012,1202.000000,1.044382
r0023_tau5_alpha0p4_sigma0p6_beta0p1_bpe300,0,sweeps/20260201_214318/json/r0023_tau5_alpha0p4_sigma0p6_beta0p1_bpe300.json,sweeps/20260201_214318/logs/r0023_tau5_alpha0p4_sigma0p6_beta0p1_bpe300.out,sweeps/20260201_214318/logs/r0023_tau5_alpha0p4_sigma0p6_beta0p1_bpe300.err,2250.707,5,0.4,0.6,0.1,300,1141787.000000,213886.000000,414290.000000,2.756009,0.362844,1.936966,0.455336,2.228724,1183.000000,1141787.000000,213886.000000,432579.000000,2.639488,0.378861,2.022475,0.440202,2.134496,1200.000000,1.044145
r0029_tau5_alpha0p4_sigma0p6_beta0p2_bpe100,0,sweeps/20260201_214318/json/r0029_tau5_alpha0p4_sigma0p6_beta0p2_bpe100.json,sweeps/20260201_214318/logs/r0029_tau5_alpha0p4_sigma0p6_beta0p2_bpe100.out,sweeps/20260201_214318/logs/r0029_tau5_alpha0p4_sigma0p6_beta0p2_bpe100.err,2142.658,5,0.4,0.6,0.2,100,1141787.000000,213886.000000,414290.000000,2.756009,0.362844,1.936966,0.455336,2.228724,1183.000000,1141787.000000,213886.000000,465130.000000,2.454770,0.407370,2.174663,0.464411,1.985118,1198.000000,1.122716
r0026_tau5_alpha0p4_sigma0p6_beta0p15_bpe200,0,sweeps/20260201_214318/json/r0026_tau5_alpha0p4_sigma0p6_beta0p15_bpe200.json,sweeps/20260201_214318/logs/r0026_tau5_alpha0p4_sigma0p6_beta0p15_bpe200.out,sweeps/20260201_214318/logs/r0026_tau5_alpha0p4_sigma0p6_beta0p15_bpe200.err,2239.801,5,0.4,0.6,0.15,200,1141787.000000,213886.000000,414290.000000,2.756009,0.362844,1.936966,0.455336,2.228724,1183.000000,1141787.000000,213886.000000,441465.000000,2.586359,0.386644,2.064020,0.447276,2.091532,1191.000000,1.065594
r0030_tau5_alpha0p4_sigma0p6_beta0p2_bpe200,0,sweeps/20260201_214318/json/r0030_tau5_alpha0p4_sigma0p6_beta0p2_bpe200.json,sweeps/20260201_214318/logs/r0030_tau5_alpha0p4_sigma0p6_beta0p2_bpe200.out,sweeps/20260201_214318/logs/r0030_tau5_alpha0p4_sigma0p6_beta0p2_bpe200.err,2214.508,5,0.4,0.6,0.2,200,1141787.000000,213886.000000,414290.000000,2.756009,0.362844,1.936966,0.455336,2.228724,1183.000000,1141787.000000,213886.000000,441486.000000,2.586236,0.386662,2.064118,0.447299,2.091432,1191.000000,1.065645
r0027_tau5_alpha0p4_sigma0p6_beta0p15_bpe300,0,sweeps/20260201_214318/json/r0027_tau5_alpha0p4_sigma0p6_beta0p15_bpe300.json,sweeps/20260201_214318/logs/r0027_tau5_alpha0p4_sigma0p6_beta0p15_bpe300.out,sweeps/20260201_214318/logs/r0027_tau5_alpha0p4_sigma0p6_beta0p15_bpe300.err,2284.496,5,0.4,0.6,0.15,300,1141787.000000,213886.000000,414290.000000,2.756009,0.362844,1.936966,0.455336,2.228724,1183.000000,1141787.000000,213886.000000,432634.000000,2.639152,0.378910,2.022732,0.439739,2.134224,1200.000000,1.044278
r0020_tau5_alpha0p4_sigma0p6_beta0p01_bpe400,0,sweeps/20260201_214318/json/r0020_tau5_alpha0p4_sigma0p6_beta0p01_bpe400.json,sweeps/20260201_214318/logs/r0020_tau5_alpha0p4_sigma0p6_beta0p01_bpe400.out,sweeps/20260201_214318/logs/r0020_tau5_alpha0p4_sigma0p6_beta0p01_bpe400.err,2421.002,5,0.4,0.6,0.01,400,1141787.000000,213886.000000,414290.000000,2.756009,0.362844,1.936966,0.455336,2.228724,1183.000000,1141787.000000,213886.000000,424994.000000,2.686596,0.372218,1.987012,0.436560,2.172591,1195.000000,1.025837
r0024_tau5_alpha0p4_sigma0p6_beta0p1_bpe400,0,sweeps/20260201_214318/json/r0024_tau5_alpha0p4_sigma0p6_beta0p1_bpe400.json,sweeps/20260201_214318/logs/r0024_tau5_alpha0p4_sigma0p6_beta0p1_bpe400.out,sweeps/20260201_214318/logs/r0024_tau5_alpha0p4_sigma0p6_beta0p1_bpe400.err,2388.565,5,0.4,0.6,0.1,400,1141787.000000,213886.000000,414290.000000,2.756009,0.362844,1.936966,0.455336,2.228724,1183.000000,1141787.000000,213886.000000,425260.000000,2.684915,0.372451,1.988255,0.437448,2.171232,1193.000000,1.026479
r0031_tau5_alpha0p4_sigma0p6_beta0p2_bpe300,0,sweeps/20260201_214318/json/r0031_tau5_alpha0p4_sigma0p6_beta0p2_bpe300.json,sweeps/20260201_214318/logs/r0031_tau5_alpha0p4_sigma0p6_beta0p2_bpe300.out,sweeps/20260201_214318/logs/r0031_tau5_alpha0p4_sigma0p6_beta0p2_bpe300.err,2276.418,5,0.4,0.6,0.2,300,1141787.000000,213886.000000,414290.000000,2.756009,0.362844,1.936966,0.455336,2.228724,1183.000000,1141787.000000,213886.000000,432398.000000,2.640593,0.378703,2.021628,0.439716,2.135389,1199.000000,1.043709
r0028_tau5_alpha0p4_sigma0p6_beta0p15_bpe400,0,sweeps/20260201_214318/json/r0028_tau5_alpha0p4_sigma0p6_beta0p15_bpe400.json,sweeps/20260201_214318/logs/r0028_tau5_alpha0p4_sigma0p6_beta0p15_bpe400.out,sweeps/20260201_214318/logs/r0028_tau5_alpha0p4_sigma0p6_beta0p15_bpe400.err,2347.260,5,0.4,0.6,0.15,400,1141787.000000,213886.000000,414290.000000,2.756009,0.362844,1.936966,0.455336,2.228724,1183.000000,1141787.000000,213886.000000,425199.000000,2.685300,0.372398,1.987970,0.437373,2.171543,1193.000000,1.026332
r0032_tau5_alpha0p4_sigma0p6_beta0p2_bpe400,0,sweeps/20260201_214318/json/r0032_tau5_alpha0p4_sigma0p6_beta0p2_bpe400.json,sweeps/20260201_214318/logs/r0032_tau5_alpha0p4_sigma0p6_beta0p2_bpe400.out,sweeps/20260201_214318/logs/r0032_tau5_alpha0p4_sigma0p6_beta0p2_bpe400.err,2362.577,5,0.4,0.6,0.2,400,1141787.000000,213886.000000,414290.000000,2.756009,0.362844,1.936966,0.455336,2.228724,1183.000000,1141787.000000,213886.000000,425100.000000,2.685926,0.372311,1.987507,0.438098,2.172049,1194.000000,1.026093
r0033_tau5_alpha0p4_sigma0p8_beta0p01_bpe100,0,sweeps/20260201_214318/json/r0033_tau5_alpha0p4_sigma0p8_beta0p01_bpe100.json,sweeps/20260201_214318/logs/r0033_tau5_alpha0p4_sigma0p8_beta0p01_bpe100.out,sweeps/20260201_214318/logs/r0033_tau5_alpha0p4_sigma0p8_beta0p01_bpe100.err,2112.273,5,0.4,0.8,0.01,100,1141787.000000,213886.000000,414290.000000,2.756009,0.362844,1.936966,0.455336,2.228724,1183.000000,1141787.000000,213886.000000,466111.000000,2.449603,0.408229,2.179250,0.466323,1.980940,1196.000000,1.125084
r0034_tau5_alpha0p4_sigma0p8_beta0p01_bpe200,0,sweeps/20260201_214318/json/r0034_tau5_alpha0p4_sigma0p8_beta0p01_bpe200.json,sweeps/20260201_214318/logs/r0034_tau5_alpha0p4_sigma0p8_beta0p01_bpe200.out,sweeps/20260201_214318/logs/r0034_tau5_alpha0p4_sigma0p8_beta0p01_bpe200.err,2199.584,5,0.4,0.8,0.01,200,1141787.000000,213886.000000,414290.000000,2.756009,0.362844,1.936966,0.455336,2.228724,1183.000000,1141787.000000,213886.000000,441189.000000,2.587977,0.386402,2.062730,0.447855,2.092840,1191.000000,1.064928
r0037_tau5_alpha0p4_sigma0p8_beta0p1_bpe100,0,sweeps/20260201_214318/json/r0037_tau5_alpha0p4_sigma0p8_beta0p1_bpe100.json,sweeps/20260201_214318/logs/r0037_tau5_alpha0p4_sigma0p8_beta0p1_bpe100.out,sweeps/20260201_214318/logs/r0037_tau5_alpha0p4_sigma0p8_beta0p1_bpe100.err,2163.038,5,0.4,0.8,0.1,100,1141787.000000,213886.000000,414290.000000,2.756009,0.362844,1.936966,0.455336,2.228724,1183.000000,1141787.000000,213886.000000,465283.000000,2.453962,0.407504,2.175378,0.466449,1.984465,1197.000000,1.123085
r0041_tau5_alpha0p4_sigma0p8_beta0p15_bpe100,0,sweeps/20260201_214318/json/r0041_tau5_alpha0p4_sigma0p8_beta0p15_bpe100.json,sweeps/20260201_214318/logs/r0041_tau5_alpha0p4_sigma0p8_beta0p15_bpe100.out,sweeps/20260201_214318/logs/r0041_tau5_alpha0p4_sigma0p8_beta0p15_bpe100.err,2131.207,5,0.4,0.8,0.15,100,1141787.000000,213886.000000,414290.000000,2.756009,0.362844,1.936966,0.455336,2.228724,1183.000000,1141787.000000,213886.000000,465289.000000,2.453931,0.407509,2.175407,0.465098,1.984440,1197.000000,1.123100
r0038_tau5_alpha0p4_sigma0p8_beta0p1_bpe200,0,sweeps/20260201_214318/json/r0038_tau5_alpha0p4_sigma0p8_beta0p1_bpe200.json,sweeps/20260201_214318/logs/r0038_tau5_alpha0p4_sigma0p8_beta0p1_bpe200.out,sweeps/20260201_214318/logs/r0038_tau5_alpha0p4_sigma0p8_beta0p1_bpe200.err,2208.875,5,0.4,0.8,0.1,200,1141787.000000,213886.000000,414290.000000,2.756009,0.362844,1.936966,0.455336,2.228724,1183.000000,1141787.000000,213886.000000,441357.000000,2.586992,0.386549,2.063515,0.447173,2.092043,1193.000000,1.065333
r0035_tau5_alpha0p4_sigma0p8_beta0p01_bpe300,0,sweeps/20260201_214318/json/r0035_tau5_alpha0p4_sigma0p8_beta0p01_bpe300.json,sweeps/20260201_214318/logs/r0035_tau5_alpha0p4_sigma0p8_beta0p01_bpe300.out,sweeps/20260201_214318/logs/r0035_tau5_alpha0p4_sigma0p8_beta0p01_bpe300.err,2322.366,5,0.4,0.8,0.01,300,1141787.000000,213886.000000,414290.000000,2.756009,0.362844,1.936966,0.455336,2.228724,1183.000000,1141787.000000,213886.000000,432677.000000,2.638890,0.378947,2.022933,0.438813,2.134012,1202.000000,1.044382
r0036_tau5_alpha0p4_sigma0p8_beta0p01_bpe400,0,sweeps/20260201_214318/json/r0036_tau5_alpha0p4_sigma0p8_beta0p01_bpe400.json,sweeps/20260201_214318/logs/r0036_tau5_alpha0p4_sigma0p8_beta0p01_bpe400.out,sweeps/20260201_214318/logs/r0036_tau5_alpha0p4_sigma0p8_beta0p01_bpe400.err,2346.176,5,0.4,0.8,0.01,400,1141787.000000,213886.000000,414290.000000,2.756009,0.362844,1.936966,0.455336,2.228724,1183.000000,1141787.000000,213886.000000,424994.000000,2.686596,0.372218,1.987012,0.436560,2.172591,1195.000000,1.025837
r0039_tau5_alpha0p4_sigma0p8_beta0p1_bpe300,0,sweeps/20260201_214318/json/r0039_tau5_alpha0p4_sigma0p8_beta0p1_bpe300.json,sweeps/20260201_214318/logs/r0039_tau5_alpha0p4_sigma0p8_beta0p1_bpe300.out,sweeps/20260201_214318/logs/r0039_tau5_alpha0p4_sigma0p8_beta0p1_bpe300.err,2280.145,5,0.4,0.8,0.1,300,1141787.000000,213886.000000,414290.000000,2.756009,0.362844,1.936966,0.455336,2.228724,1183.000000,1141787.000000,213886.000000,432579.000000,2.639488,0.378861,2.022475,0.440202,2.134496,1200.000000,1.044145
r0042_tau5_alpha0p4_sigma0p8_beta0p15_bpe200,0,sweeps/20260201_214318/json/r0042_tau5_alpha0p4_sigma0p8_beta0p15_bpe200.json,sweeps/20260201_214318/logs/r0042_tau5_alpha0p4_sigma0p8_beta0p15_bpe200.out,sweeps/20260201_214318/logs/r0042_tau5_alpha0p4_sigma0p8_beta0p15_bpe200.err,2208.575,5,0.4,0.8,0.15,200,1141787.000000,213886.000000,414290.000000,2.756009,0.362844,1.936966,0.455336,2.228724,1183.000000,1141787.000000,213886.000000,441465.000000,2.586359,0.386644,2.064020,0.447276,2.091532,1191.000000,1.065594
r0045_tau5_alpha0p4_sigma0p8_beta0p2_bpe100,0,sweeps/20260201_214318/json/r0045_tau5_alpha0p4_sigma0p8_beta0p2_bpe100.json,sweeps/20260201_214318/logs/r0045_tau5_alpha0p4_sigma0p8_beta0p2_bpe100.out,sweeps/20260201_214318/logs/r0045_tau5_alpha0p4_sigma0p8_beta0p2_bpe100.err,2178.219,5,0.4,0.8,0.2,100,1141787.000000,213886.000000,414290.000000,2.756009,0.362844,1.936966,0.455336,2.228724,1183.000000,1141787.000000,213886.000000,465130.000000,2.454770,0.407370,2.174663,0.464411,1.985118,1198.000000,1.122716
r0040_tau5_alpha0p4_sigma0p8_beta0p1_bpe400,0,sweeps/20260201_214318/json/r0040_tau5_alpha0p4_sigma0p8_beta0p1_bpe400.json,sweeps/20260201_214318/logs/r0040_tau5_alpha0p4_sigma0p8_beta0p1_bpe400.out,sweeps/20260201_214318/logs/r0040_tau5_alpha0p4_sigma0p8_beta0p1_bpe400.err,2361.135,5,0.4,0.8,0.1,400,1141787.000000,213886.000000,414290.000000,2.756009,0.362844,1.936966,0.455336,2.228724,1183.000000,1141787.000000,213886.000000,425260.000000,2.684915,0.372451,1.988255,0.437448,2.171232,1193.000000,1.026479
r0046_tau5_alpha0p4_sigma0p8_beta0p2_bpe200,0,sweeps/20260201_214318/json/r0046_tau5_alpha0p4_sigma0p8_beta0p2_bpe200.json,sweeps/20260201_214318/logs/r0046_tau5_alpha0p4_sigma0p8_beta0p2_bpe200.out,sweeps/20260201_214318/logs/r0046_tau5_alpha0p4_sigma0p8_beta0p2_bpe200.err,2224.620,5,0.4,0.8,0.2,200,1141787.000000,213886.000000,414290.000000,2.756009,0.362844,1.936966,0.455336,2.228724,1183.000000,1141787.000000,213886.000000,441486.000000,2.586236,0.386662,2.064118,0.447299,2.091432,1191.000000,1.065645
r0043_tau5_alpha0p4_sigma0p8_beta0p15_bpe300,0,sweeps/20260201_214318/json/r0043_tau5_alpha0p4_sigma0p8_beta0p15_bpe300.json,sweeps/20260201_214318/logs/r0043_tau5_alpha0p4_sigma0p8_beta0p15_bpe300.out,sweeps/20260201_214318/logs/r0043_tau5_alpha0p4_sigma0p8_beta0p15_bpe300.err,2287.046,5,0.4,0.8,0.15,300,1141787.000000,213886.000000,414290.000000,2.756009,0.362844,1.936966,0.455336,2.228724,1183.000000,1141787.000000,213886.000000,432634.000000,2.639152,0.378910,2.022732,0.439739,2.134224,1200.000000,1.044278
r0047_tau5_alpha0p4_sigma0p8_beta0p2_bpe300,0,sweeps/20260201_214318/json/r0047_tau5_alpha0p4_sigma0p8_beta0p2_bpe300.json,sweeps/20260201_214318/logs/r0047_tau5_alpha0p4_sigma0p8_beta0p2_bpe300.out,sweeps/20260201_214318/logs/r0047_tau5_alpha0p4_sigma0p8_beta0p2_bpe300.err,2265.446,5,0.4,0.8,0.2,300,1141787.000000,213886.000000,414290.000000,2.756009,0.362844,1.936966,0.455336,2.228724,1183.000000,1141787.000000,213886.000000,432398.000000,2.640593,0.378703,2.021628,0.439716,2.135389,1199.000000,1.043709
r0044_tau5_alpha0p4_sigma0p8_beta0p15_bpe400,0,sweeps/20260201_214318/json/r0044_tau5_alpha0p4_sigma0p8_beta0p15_bpe400.json,sweeps/20260201_214318/logs/r0044_tau5_alpha0p4_sigma0p8_beta0p15_bpe400.out,sweeps/20260201_214318/logs/r0044_tau5_alpha0p4_sigma0p8_beta0p15_bpe400.err,2383.998,5,0.4,0.8,0.15,400,1141787.000000,213886.000000,414290.000000,2.756009,0.362844,1.936966,0.455336,2.228724,1183.000000,1141787.000000,213886.000000,425199.000000,2.685300,0.372398,1.987970,0.437373,2.171543,1193.000000,1.026332
r0048_tau5_alpha0p4_sigma0p8_beta0p2_bpe400,0,sweeps/20260201_214318/json/r0048_tau5_alpha0p4_sigma0p8_beta0p2_bpe400.json,sweeps/20260201_214318/logs/r0048_tau5_alpha0p4_sigma0p8_beta0p2_bpe400.out,sweeps/20260201_214318/logs/r0048_tau5_alpha0p4_sigma0p8_beta0p2_bpe400.err,2400.581,5,0.4,0.8,0.2,400,1141787.000000,213886.000000,414290.000000,2.756009,0.362844,1.936966,0.455336,2.228724,1183.000000,1141787.000000,213886.000000,425100.000000,2.685926,0.372311,1.987507,0.438098,2.172049,1194.000000,1.026093
r0049_tau5_alpha0p4_sigma1_beta0p01_bpe100,0,sweeps/20260201_214318/json/r0049_tau5_alpha0p4_sigma1_beta0p01_bpe100.json,sweeps/20260201_214318/logs/r0049_tau5_alpha0p4_sigma1_beta0p01_bpe100.out,sweeps/20260201_214318/logs/r0049_tau5_alpha0p4_sigma1_beta0p01_bpe100.err,2182.111,5,0.4,1.0,0.01,100,1141787.000000,213886.000000,414290.000000,2.756009,0.362844,1.936966,0.455336,2.228724,1183.000000,1141787.000000,213886.000000,466111.000000,2.449603,0.408229,2.179250,0.466323,1.980940,1196.000000,1.125084
r0050_tau5_alpha0p4_sigma1_beta0p01_bpe200,0,sweeps/20260201_214318/json/r0050_tau5_alpha0p4_sigma1_beta0p01_bpe200.json,sweeps/20260201_214318/logs/r0050_tau5_alpha0p4_sigma1_beta0p01_bpe200.out,sweeps/20260201_214318/logs/r0050_tau5_alpha0p4_sigma1_beta0p01_bpe200.err,2196.682,5,0.4,1.0,0.01,200,1141787.000000,213886.000000,414290.000000,2.756009,0.362844,1.936966,0.455336,2.228724,1183.000000,1141787.000000,213886.000000,441189.000000,2.587977,0.386402,2.062730,0.447855,2.092840,1191.000000,1.064928
r0053_tau5_alpha0p4_sigma1_beta0p1_bpe100,0,sweeps/20260201_214318/json/r0053_tau5_alpha0p4_sigma1_beta0p1_bpe100.json,sweeps/20260201_214318/logs/r0053_tau5_alpha0p4_sigma1_beta0p1_bpe100.out,sweeps/20260201_214318/logs/r0053_tau5_alpha0p4_sigma1_beta0p1_bpe100.err,2153.989,5,0.4,1.0,0.1,100,1141787.000000,213886.000000,414290.000000,2.756009,0.362844,1.936966,0.455336,2.228724,1183.000000,1141787.000000,213886.000000,465283.000000,2.453962,0.407504,2.175378,0.466449,1.984465,1197.000000,1.123085
r0051_tau5_alpha0p4_sigma1_beta0p01_bpe300,0,sweeps/20260201_214318/json/r0051_tau5_alpha0p4_sigma1_beta0p01_bpe300.json,sweeps/20260201_214318/logs/r0051_tau5_alpha0p4_sigma1_beta0p01_bpe300.out,sweeps/20260201_214318/logs/r0051_tau5_alpha0p4_sigma1_beta0p01_bpe300.err,2270.574,5,0.4,1.0,0.01,300,1141787.000000,213886.000000,414290.000000,2.756009,0.362844,1.936966,0.455336,2.228724,1183.000000,1141787.000000,213886.000000,432677.000000,2.638890,0.378947,2.022933,0.438813,2.134012,1202.000000,1.044382
r0057_tau5_alpha0p4_sigma1_beta0p15_bpe100,0,sweeps/20260201_214318/json/r0057_tau5_alpha0p4_sigma1_beta0p15_bpe100.json,sweeps/20260201_214318/logs/r0057_tau5_alpha0p4_sigma1_beta0p15_bpe100.out,sweeps/20260201_214318/logs/r0057_tau5_alpha0p4_sigma1_beta0p15_bpe100.err,2118.994,5,0.4,1.0,0.15,100,1141787.000000,213886.000000,414290.000000,2.756009,0.362844,1.936966,0.455336,2.228724,1183.000000,1141787.000000,213886.000000,465289.000000,2.453931,0.407509,2.175407,0.465098,1.984440,1197.000000,1.123100
r0054_tau5_alpha0p4_sigma1_beta0p1_bpe200,0,sweeps/20260201_214318/json/r0054_tau5_alpha0p4_sigma1_beta0p1_bpe200.json,sweeps/20260201_214318/logs/r0054_tau5_alpha0p4_sigma1_beta0p1_bpe200.out,sweeps/20260201_214318/logs/r0054_tau5_alpha0p4_sigma1_beta0p1_bpe200.err,2245.080,5,0.4,1.0,0.1,200,1141787.000000,213886.000000,414290.000000,2.756009,0.362844,1.936966,0.455336,2.228724,1183.000000,1141787.000000,213886.000000,441357.000000,2.586992,0.386549,2.063515,0.447173,2.092043,1193.000000,1.065333
r0052_tau5_alpha0p4_sigma1_beta0p01_bpe400,0,sweeps/20260201_214318/json/r0052_tau5_alpha0p4_sigma1_beta0p01_bpe400.json,sweeps/20260201_214318/logs/r0052_tau5_alpha0p4_sigma1_beta0p01_bpe400.out,sweeps/20260201_214318/logs/r0052_tau5_alpha0p4_sigma1_beta0p01_bpe400.err,2346.778,5,0.4,1.0,0.01,400,1141787.000000,213886.000000,414290.000000,2.756009,0.362844,1.936966,0.455336,2.228724,1183.000000,1141787.000000,213886.000000,424994.000000,2.686596,0.372218,1.987012,0.436560,2.172591,1195.000000,1.025837
r0061_tau5_alpha0p4_sigma1_beta0p2_bpe100,0,sweeps/20260201_214318/json/r0061_tau5_alpha0p4_sigma1_beta0p2_bpe100.json,sweeps/20260201_214318/logs/r0061_tau5_alpha0p4_sigma1_beta0p2_bpe100.out,sweeps/20260201_214318/logs/r0061_tau5_alpha0p4_sigma1_beta0p2_bpe100.err,2136.729,5,0.4,1.0,0.2,100,1141787.000000,213886.000000,414290.000000,2.756009,0.362844,1.936966,0.455336,2.228724,1183.000000,1141787.000000,213886.000000,465130.000000,2.454770,0.407370,2.174663,0.464411,1.985118,1198.000000,1.122716
r0058_tau5_alpha0p4_sigma1_beta0p15_bpe200,0,sweeps/20260201_214318/json/r0058_tau5_alpha0p4_sigma1_beta0p15_bpe200.json,sweeps/20260201_214318/logs/r0058_tau5_alpha0p4_sigma1_beta0p15_bpe200.out,sweeps/20260201_214318/logs/r0058_tau5_alpha0p4_sigma1_beta0p15_bpe200.err,2204.947,5,0.4,1.0,0.15,200,1141787.000000,213886.000000,414290.000000,2.756009,0.362844,1.936966,0.455336,2.228724,1183.000000,1141787.000000,213886.000000,441465.000000,2.586359,0.386644,2.064020,0.447276,2.091532,1191.000000,1.065594
r0055_tau5_alpha0p4_sigma1_beta0p1_bpe300,0,sweeps/20260201_214318/json/r0055_tau5_alpha0p4_sigma1_beta0p1_bpe300.json,sweeps/20260201_214318/logs/r0055_tau5_alpha0p4_sigma1_beta0p1_bpe300.out,sweeps/20260201_214318/logs/r0055_tau5_alpha0p4_sigma1_beta0p1_bpe300.err,2307.532,5,0.4,1.0,0.1,300,1141787.000000,213886.000000,414290.000000,2.756009,0.362844,1.936966,0.455336,2.228724,1183.000000,1141787.000000,213886.000000,432579.000000,2.639488,0.378861,2.022475,0.440202,2.134496,1200.000000,1.044145
r0062_tau5_alpha0p4_sigma1_beta0p2_bpe200,0,sweeps/20260201_214318/json/r0062_tau5_alpha0p4_sigma1_beta0p2_bpe200.json,sweeps/20260201_214318/logs/r0062_tau5_alpha0p4_sigma1_beta0p2_bpe200.out,sweeps/20260201_214318/logs/r0062_tau5_alpha0p4_sigma1_beta0p2_bpe200.err,2221.622,5,0.4,1.0,0.2,200,1141787.000000,213886.000000,414290.000000,2.756009,0.362844,1.936966,0.455336,2.228724,1183.000000,1141787.000000,213886.000000,441486.000000,2.586236,0.386662,2.064118,0.447299,2.091432,1191.000000,1.065645
r0056_tau5_alpha0p4_sigma1_beta0p1_bpe400,0,sweeps/20260201_214318/json/r0056_tau5_alpha0p4_sigma1_beta0p1_bpe400.json,sweeps/20260201_214318/logs/r0056_tau5_alpha0p4_sigma1_beta0p1_bpe400.out,sweeps/20260201_214318/logs/r0056_tau5_alpha0p4_sigma1_beta0p1_bpe400.err,2405.540,5,0.4,1.0,0.1,400,1141787.000000,213886.000000,414290.000000,2.756009,0.362844,1.936966,0.455336,2.228724,1183.000000,1141787.000000,213886.000000,425260.000000,2.684915,0.372451,1.988255,0.437448,2.171232,1193.000000,1.026479
r0059_tau5_alpha0p4_sigma1_beta0p15_bpe300,0,sweeps/20260201_214318/json/r0059_tau5_alpha0p4_sigma1_beta0p15_bpe300.json,sweeps/20260201_214318/logs/r0059_tau5_alpha0p4_sigma1_beta0p15_bpe300.out,sweeps/20260201_214318/logs/r0059_tau5_alpha0p4_sigma1_beta0p15_bpe300.err,2304.438,5,0.4,1.0,0.15,300,1141787.000000,213886.000000,414290.000000,2.756009,0.362844,1.936966,0.455336,2.228724,1183.000000,1141787.000000,213886.000000,432634.000000,2.639152,0.378910,2.022732,0.439739,2.134224,1200.000000,1.044278
r0060_tau5_alpha0p4_sigma1_beta0p15_bpe400,0,sweeps/20260201_214318/json/r0060_tau5_alpha0p4_sigma1_beta0p15_bpe400.json,sweeps/20260201_214318/logs/r0060_tau5_alpha0p4_sigma1_beta0p15_bpe400.out,sweeps/20260201_214318/logs/r0060_tau5_alpha0p4_sigma1_beta0p15_bpe400.err,2344.409,5,0.4,1.0,0.15,400,1141787.000000,213886.000000,414290.000000,2.756009,0.362844,1.936966,0.455336,2.228724,1183.000000,1141787.000000,213886.000000,425199.000000,2.685300,0.372398,1.987970,0.437373,2.171543,1193.000000,1.026332
r0063_tau5_alpha0p4_sigma1_beta0p2_bpe300,0,sweeps/20260201_214318/json/r0063_tau5_alpha0p4_sigma1_beta0p2_bpe300.json,sweeps/20260201_214318/logs/r0063_tau5_alpha0p4_sigma1_beta0p2_bpe300.out,sweeps/20260201_214318/logs/r0063_tau5_alpha0p4_sigma1_beta0p2_bpe300.err,2297.890,5,0.4,1.0,0.2,300,1141787.000000,213886.000000,414290.000000,2.756009,0.362844,1.936966,0.455336,2.228724,1183.000000,1141787.000000,213886.000000,432398.000000,2.640593,0.378703,2.021628,0.439716,2.135389,1199.000000,1.043709
r0064_tau5_alpha0p4_sigma1_beta0p2_bpe400,0,sweeps/20260201_214318/json/r0064_tau5_alpha0p4_sigma1_beta0p2_bpe400.json,sweeps/20260201_214318/logs/r0064_tau5_alpha0p4_sigma1_beta0p2_bpe400.out,sweeps/20260201_214318/logs/r0064_tau5_alpha0p4_sigma1_beta0p2_bpe400.err,2317.364,5,0.4,1.0,0.2,400,1141787.000000,213886.000000,414290.000000,2.756009,0.362844,1.936966,0.455336,2.228724,1183.000000,1141787.000000,213886.000000,425100.000000,2.685926,0.372311,1.987507,0.438098,2.172049,1194.000000,1.026093
r0065_tau5_alpha0p6_sigma0p4_beta0p01_bpe100,0,sweeps/20260201_214318/json/r0065_tau5_alpha0p6_sigma0p4_beta0p01_bpe100.json,sweeps/20260201_214318/logs/r0065_tau5_alpha0p6_sigma0p4_beta0p01_bpe100.out,sweeps/20260201_214318/logs/r0065_tau5_alpha0p6_sigma0p4_beta0p01_bpe100.err,2121.458,5,0.6,0.4,0.01,100,1141787.000000,213886.000000,414290.000000,2.756009,0.362844,1.936966,0.455336,2.228724,1183.000000,1141787.000000,213886.000000,465832.000000,2.451070,0.407985,2.177945,0.466627,1.982127,1196.000000,1.124410
r0066_tau5_alpha0p6_sigma0p4_beta0p01_bpe200,0,sweeps/20260201_214318/json/r0066_tau5_alpha0p6_sigma0p4_beta0p01_bpe200.json,sweeps/20260201_214318/logs/r0066_tau5_alpha0p6_sigma0p4_beta0p01_bpe200.out,sweeps/20260201_214318/logs/r0066_tau5_alpha0p6_sigma0p4_beta0p01_bpe200.err,2248.705,5,0.6,0.4,0.01,200,1141787.000000,213886.000000,414290.000000,2.756009,0.362844,1.936966,0.455336,2.228724,1183.000000,1141787.000000,213886.000000,441473.000000,2.586312,0.386651,2.064057,0.446761,2.091494,1188.000000,1.065613
r0069_tau5_alpha0p6_sigma0p4_beta0p1_bpe100,0,sweeps/20260201_214318/json/r0069_tau5_alpha0p6_sigma0p4_beta0p1_bpe100.json,sweeps/20260201_214318/logs/r0069_tau5_alpha0p6_sigma0p4_beta0p1_bpe100.out,sweeps/20260201_214318/logs/r0069_tau5_alpha0p6_sigma0p4_beta0p1_bpe100.err,2146.696,5,0.6,0.4,0.1,100,1141787.000000,213886.000000,414290.000000,2.756009,0.362844,1.936966,0.455336,2.228724,1183.000000,1141787.000000,213886.000000,465281.000000,2.453973,0.407502,2.175369,0.464579,1.984474,1198.000000,1.123080
r0067_tau5_alpha0p6_sigma0p4_beta0p01_bpe300,0,sweeps/20260201_214318/json/r0067_tau5_alpha0p6_sigma0p4_beta0p01_bpe300.json,sweeps/20260201_214318/logs/r0067_tau5_alpha0p6_sigma0p4_beta0p01_bpe300.out,sweeps/20260201_214318/logs/r0067_tau5_alpha0p6_sigma0p4_beta0p01_bpe300.err,2269.776,5,0.6,0.4,0.01,300,1141787.000000,213886.000000,414290.000000,2.756009,0.362844,1.936966,0.455336,2.228724,1183.000000,1141787.000000,213886.000000,432539.000000,2.639732,0.378826,2.022288,0.439384,2.134693,1200.000000,1.044049
r0070_tau5_alpha0p6_sigma0p4_beta0p1_bpe200,0,sweeps/20260201_214318/json/r0070_tau5_alpha0p6_sigma0p4_beta0p1_bpe200.json,sweeps/20260201_214318/logs/r0070_tau5_alpha0p6_sigma0p4_beta0p1_bpe200.out,sweeps/20260201_214318/logs/r0070_tau5_alpha0p6_sigma0p4_beta0p1_bpe200.err,2242.908,5,0.6,0.4,0.1,200,1141787.000000,213886.000000,414290.000000,2.756009,0.362844,1.936966,0.455336,2.228724,1183.000000,1141787.000000,213886.000000,441498.000000,2.586166,0.386673,2.064174,0.447963,2.091375,1189.000000,1.065674
r0073_tau5_alpha0p6_sigma0p4_beta0p15_bpe100,0,sweeps/20260201_214318/json/r0073_tau5_alpha0p6_sigma0p4_beta0p15_bpe100.json,sweeps/20260201_214318/logs/r0073_tau5_alpha0p6_sigma0p4_beta0p15_bpe100.out,sweeps/20260201_214318/logs/r0073_tau5_alpha0p6_sigma0p4_beta0p15_bpe100.err,2147.987,5,0.6,0.4,0.15,100,1141787.000000,213886.000000,414290.000000,2.756009,0.362844,1.936966,0.455336,2.228724,1183.000000,1141787.000000,213886.000000,465765.000000,2.451423,0.407926,2.177632,0.464322,1.982412,1199.000000,1.124249
r0068_tau5_alpha0p6_sigma0p4_beta0p01_bpe400,0,sweeps/20260201_214318/json/r0068_tau5_alpha0p6_sigma0p4_beta0p01_bpe400.json,sweeps/20260201_214318/logs/r0068_tau5_alpha0p6_sigma0p4_beta0p01_bpe400.out,sweeps/20260201_214318/logs/r0068_tau5_alpha0p6_sigma0p4_beta0p01_bpe400.err,2367.876,5,0.6,0.4,0.01,400,1141787.000000,213886.000000,414290.000000,2.756009,0.362844,1.936966,0.455336,2.228724,1183.000000,1141787.000000,213886.000000,424699.000000,2.688462,0.371960,1.985633,0.437780,2.174100,1194.000000,1.025125
r0071_tau5_alpha0p6_sigma0p4_beta0p1_bpe300,0,sweeps/20260201_214318/json/r0071_tau5_alpha0p6_sigma0p4_beta0p1_bpe300.json,sweeps/20260201_214318/logs/r0071_tau5_alpha0p6_sigma0p4_beta0p1_bpe300.out,sweeps/20260201_214318/logs/r0071_tau5_alpha0p6_sigma0p4_beta0p1_bpe300.err,2279.594,5,0.6,0.4,0.1,300,1141787.000000,213886.000000,414290.000000,2.756009,0.362844,1.936966,0.455336,2.228724,1183.000000,1141787.000000,213886.000000,432574.000000,2.639518,0.378857,2.022451,0.440880,2.134520,1202.000000,1.044133
r0074_tau5_alpha0p6_sigma0p4_beta0p15_bpe200,0,sweeps/20260201_214318/json/r0074_tau5_alpha0p6_sigma0p4_beta0p15_bpe200.json,sweeps/20260201_214318/logs/r0074_tau5_alpha0p6_sigma0p4_beta0p15_bpe200.out,sweeps/20260201_214318/logs/r0074_tau5_alpha0p6_sigma0p4_beta0p15_bpe200.err,2241.675,5,0.6,0.4,0.15,200,1141787.000000,213886.000000,414290.000000,2.756009,0.362844,1.936966,0.455336,2.228724,1183.000000,1141787.000000,213886.000000,441300.000000,2.587326,0.386499,2.063249,0.448402,2.092314,1189.000000,1.065196
r0077_tau5_alpha0p6_sigma0p4_beta0p2_bpe100,0,sweeps/20260201_214318/json/r0077_tau5_alpha0p6_sigma0p4_beta0p2_bpe100.json,sweeps/20260201_214318/logs/r0077_tau5_alpha0p6_sigma0p4_beta0p2_bpe100.out,sweeps/20260201_214318/logs/r0077_tau5_alpha0p6_sigma0p4_beta0p2_bpe100.err,2165.369,5,0.6,0.4,0.2,100,1141787.000000,213886.000000,414290.000000,2.756009,0.362844,1.936966,0.455336,2.228724,1183.000000,1141787.000000,213886.000000,465522.000000,2.452703,0.407714,2.176496,0.467029,1.983447,1199.000000,1.123662
r0072_tau5_alpha0p6_sigma0p4_beta0p1_bpe400,0,sweeps/20260201_214318/json/r0072_tau5_alpha0p6_sigma0p4_beta0p1_bpe400.json,sweeps/20260201_214318/logs/r0072_tau5_alpha0p6_sigma0p4_beta0p1_bpe400.out,sweeps/20260201_214318/logs/r0072_tau5_alpha0p6_sigma0p4_beta0p1_bpe400.err,2387.130,5,0.6,0.4,0.1,400,1141787.000000,213886.000000,414290.000000,2.756009,0.362844,1.936966,0.455336,2.228724,1183.000000,1141787.000000,213886.000000,424632.000000,2.688886,0.371901,1.985319,0.437981,2.174443,1195.000000,1.024963
r0075_tau5_alpha0p6_sigma0p4_beta0p15_bpe300,0,sweeps/20260201_214318/json/r0075_tau5_alpha0p6_sigma0p4_beta0p15_bpe300.json,sweeps/20260201_214318/logs/r0075_tau5_alpha0p6_sigma0p4_beta0p15_bpe300.out,sweeps/20260201_214318/logs/r0075_tau5_alpha0p6_sigma0p4_beta0p15_bpe300.err,2268.107,5,0.6,0.4,0.15,300,1141787.000000,213886.000000,414290.000000,2.756009,0.362844,1.936966,0.455336,2.228724,1183.000000,1141787.000000,213886.000000,432590.000000,2.639421,0.378871,2.022526,0.441441,2.134441,1203.000000,1.044172
r0078_tau5_alpha0p6_sigma0p4_beta0p2_bpe200,0,sweeps/20260201_214318/json/r0078_tau5_alpha0p6_sigma0p4_beta0p2_bpe200.json,sweeps/20260201_214318/logs/r0078_tau5_alpha0p6_sigma0p4_beta0p2_bpe200.out,sweeps/20260201_214318/logs/r0078_tau5_alpha0p6_sigma0p4_beta0p2_bpe200.err,2239.159,5,0.6,0.4,0.2,200,1141787.000000,213886.000000,414290.000000,2.756009,0.362844,1.936966,0.455336,2.228724,1183.000000,1141787.000000,213886.000000,441470.000000,2.586330,0.386648,2.064043,0.449253,2.091508,1186.000000,1.065606
r0076_tau5_alpha0p6_sigma0p4_beta0p15_bpe400,0,sweeps/20260201_214318/json/r0076_tau5_alpha0p6_sigma0p4_beta0p15_bpe400.json,sweeps/20260201_214318/logs/r0076_tau5_alpha0p6_sigma0p4_beta0p15_bpe400.out,sweeps/20260201_214318/logs/r0076_tau5_alpha0p6_sigma0p4_beta0p15_bpe400.err,2342.996,5,0.6,0.4,0.15,400,1141787.000000,213886.000000,414290.000000,2.756009,0.362844,1.936966,0.455336,2.228724,1183.000000,1141787.000000,213886.000000,424604.000000,2.689063,0.371877,1.985188,0.438953,2.174586,1194.000000,1.024896
r0079_tau5_alpha0p6_sigma0p4_beta0p2_bpe300,0,sweeps/20260201_214318/json/r0079_tau5_alpha0p6_sigma0p4_beta0p2_bpe300.json,sweeps/20260201_214318/logs/r0079_tau5_alpha0p6_sigma0p4_beta0p2_bpe300.out,sweeps/20260201_214318/logs/r0079_tau5_alpha0p6_sigma0p4_beta0p2_bpe300.err,2289.959,5,0.6,0.4,0.2,300,1141787.000000,213886.000000,414290.000000,2.756009,0.362844,1.936966,0.455336,2.228724,1183.000000,1141787.000000,213886.000000,432501.000000,2.639964,0.378793,2.022110,0.441862,2.134881,1203.000000,1.043957
r0080_tau5_alpha0p6_sigma0p4_beta0p2_bpe400,0,sweeps/20260201_214318/json/r0080_tau5_alpha0p6_sigma0p4_beta0p2_bpe400.json,sweeps/20260201_214318/logs/r0080_tau5_alpha0p6_sigma0p4_beta0p2_bpe400.out,sweeps/20260201_214318/logs/r0080_tau5_alpha0p6_sigma0p4_beta0p2_bpe400.err,2377.738,5,0.6,0.4,0.2,400,1141787.000000,213886.000000,414290.000000,2.756009,0.362844,1.936966,0.455336,2.228724,1183.000000,1141787.000000,213886.000000,424633.000000,2.688880,0.371902,1.985324,0.438720,2.174438,1194.000000,1.024966
r0081_tau5_alpha0p6_sigma0p6_beta0p01_bpe100,0,sweeps/20260201_214318/json/r0081_tau5_alpha0p6_sigma0p6_beta0p01_bpe100.json,sweeps/20260201_214318/logs/r0081_tau5_alpha0p6_sigma0p6_beta0p01_bpe100.out,sweeps/20260201_214318/logs/r0081_tau5_alpha0p6_sigma0p6_beta0p01_bpe100.err,2128.327,5,0.6,0.6,0.01,100,1141787.000000,213886.000000,414290.000000,2.756009,0.362844,1.936966,0.455336,2.228724,1183.000000,1141787.000000,213886.000000,465832.000000,2.451070,0.407985,2.177945,0.466627,1.982127,1196.000000,1.124410
r0082_tau5_alpha0p6_sigma0p6_beta0p01_bpe200,0,sweeps/20260201_214318/json/r0082_tau5_alpha0p6_sigma0p6_beta0p01_bpe200.json,sweeps/20260201_214318/logs/r0082_tau5_alpha0p6_sigma0p6_beta0p01_bpe200.out,sweeps/20260201_214318/logs/r0082_tau5_alpha0p6_sigma0p6_beta0p01_bpe200.err,2209.905,5,0.6,0.6,0.01,200,1141787.000000,213886.000000,414290.000000,2.756009,0.362844,1.936966,0.455336,2.228724,1183.000000,1141787.000000,213886.000000,441473.000000,2.586312,0.386651,2.064057,0.446761,2.091494,1188.000000,1.065613
r0085_tau5_alpha0p6_sigma0p6_beta0p1_bpe100,0,sweeps/20260201_214318/json/r0085_tau5_alpha0p6_sigma0p6_beta0p1_bpe100.json,sweeps/20260201_214318/logs/r0085_tau5_alpha0p6_sigma0p6_beta0p1_bpe100.out,sweeps/20260201_214318/logs/r0085_tau5_alpha0p6_sigma0p6_beta0p1_bpe100.err,2194.050,5,0.6,0.6,0.1,100,1141787.000000,213886.000000,414290.000000,2.756009,0.362844,1.936966,0.455336,2.228724,1183.000000,1141787.000000,213886.000000,465281.000000,2.453973,0.407502,2.175369,0.464579,1.984474,1198.000000,1.123080
r0083_tau5_alpha0p6_sigma0p6_beta0p01_bpe300,0,sweeps/20260201_214318/json/r0083_tau5_alpha0p6_sigma0p6_beta0p01_bpe300.json,sweeps/20260201_214318/logs/r0083_tau5_alpha0p6_sigma0p6_beta0p01_bpe300.out,sweeps/20260201_214318/logs/r0083_tau5_alpha0p6_sigma0p6_beta0p01_bpe300.err,2328.366,5,0.6,0.6,0.01,300,1141787.000000,213886.000000,414290.000000,2.756009,0.362844,1.936966,0.455336,2.228724,1183.000000,1141787.000000,213886.000000,432539.000000,2.639732,0.378826,2.022288,0.439384,2.134693,1200.000000,1.044049
r0089_tau5_alpha0p6_sigma0p6_beta0p15_bpe100,0,sweeps/20260201_214318/json/r0089_tau5_alpha0p6_sigma0p6_beta0p15_bpe100.json,sweeps/20260201_214318/logs/r0089_tau5_alpha0p6_sigma0p6_beta0p15_bpe100.out,sweeps/20260201_214318/logs/r0089_tau5_alpha0p6_sigma0p6_beta0p15_bpe100.err,2116.548,5,0.6,0.6,0.15,100,1141787.000000,213886.000000,414290.000000,2.756009,0.362844,1.936966,0.455336,2.228724,1183.000000,1141787.000000,213886.000000,465754.000000,2.451481,0.407917,2.177581,0.464271,1.982459,1199.000000,1.124222
r0086_tau5_alpha0p6_sigma0p6_beta0p1_bpe200,0,sweeps/20260201_214318/json/r0086_tau5_alpha0p6_sigma0p6_beta0p1_bpe200.json,sweeps/20260201_214318/logs/r0086_tau5_alpha0p6_sigma0p6_beta0p1_bpe200.out,sweeps/20260201_214318/logs/r0086_tau5_alpha0p6_sigma0p6_beta0p1_bpe200.err,2262.729,5,0.6,0.6,0.1,200,1141787.000000,213886.000000,414290.000000,2.756009,0.362844,1.936966,0.455336,2.228724,1183.000000,1141787.000000,213886.000000,441498.000000,2.586166,0.386673,2.064174,0.447963,2.091375,1189.000000,1.065674
r0084_tau5_alpha0p6_sigma0p6_beta0p01_bpe400,0,sweeps/20260201_214318/json/r0084_tau5_alpha0p6_sigma0p6_beta0p01_bpe400.json,sweeps/20260201_214318/logs/r0084_tau5_alpha0p6_sigma0p6_beta0p01_bpe400.out,sweeps/20260201_214318/logs/r0084_tau5_alpha0p6_sigma0p6_beta0p01_bpe400.err,2349.308,5,0.6,0.6,0.01,400,1141787.000000,213886.000000,414290.000000,2.756009,0.362844,1.936966,0.455336,2.228724,1183.000000,1141787.000000,213886.000000,424699.000000,2.688462,0.371960,1.985633,0.437780,2.174100,1194.000000,1.025125
r0087_tau5_alpha0p6_sigma0p6_beta0p1_bpe300,0,sweeps/20260201_214318/json/r0087_tau5_alpha0p6_sigma0p6_beta0p1_bpe300.json,sweeps/20260201_214318/logs/r0087_tau5_alpha0p6_sigma0p6_beta0p1_bpe300.out,sweeps/20260201_214318/logs/r0087_tau5_alpha0p6_sigma0p6_beta0p1_bpe300.err,2264.741,5,0.6,0.6,0.1,300,1141787.000000,213886.000000,414290.000000,2.756009,0.362844,1.936966,0.455336,2.228724,1183.000000,1141787.000000,213886.000000,432574.000000,2.639518,0.378857,2.022451,0.440880,2.134520,1202.000000,1.044133
r0090_tau5_alpha0p6_sigma0p6_beta0p15_bpe200,0,sweeps/20260201_214318/json/r0090_tau5_alpha0p6_sigma0p6_beta0p15_bpe200.json,sweeps/20260201_214318/logs/r0090_tau5_alpha0p6_sigma0p6_beta0p15_bpe200.out,sweeps/20260201_214318/logs/r0090_tau5_alpha0p6_sigma0p6_beta0p15_bpe200.err,2226.633,5,0.6,0.6,0.15,200,1141787.000000,213886.000000,414290.000000,2.756009,0.362844,1.936966,0.455336,2.228724,1183.000000,1141787.000000,213886.000000,441300.000000,2.587326,0.386499,2.063249,0.448402,2.092314,1189.000000,1.065196
r0093_tau5_alpha0p6_sigma0p6_beta0p2_bpe100,0,sweeps/20260201_214318/json/r0093_tau5_alpha0p6_sigma0p6_beta0p2_bpe100.json,sweeps/20260201_214318/logs/r0093_tau5_alpha0p6_sigma0p6_beta0p2_bpe100.out,sweeps/20260201_214318/logs/r0093_tau5_alpha0p6_sigma0p6_beta0p2_bpe100.err,2135.475,5,0.6,0.6,0.2,100,1141787.000000,213886.000000,414290.000000,2.756009,0.362844,1.936966,0.455336,2.228724,1183.000000,1141787.000000,213886.000000,465522.000000,2.452703,0.407714,2.176496,0.467029,1.983447,1199.000000,1.123662
r0088_tau5_alpha0p6_sigma0p6_beta0p1_bpe400,0,sweeps/20260201_214318/json/r0088_tau5_alpha0p6_sigma0p6_beta0p1_bpe400.json,sweeps/20260201_214318/logs/r0088_tau5_alpha0p6_sigma0p6_beta0p1_bpe400.out,sweeps/20260201_214318/logs/r0088_tau5_alpha0p6_sigma0p6_beta0p1_bpe400.err,2352.254,5,0.6,0.6,0.1,400,1141787.000000,213886.000000,414290.000000,2.756009,0.362844,1.936966,0.455336,2.228724,1183.000000,1141787.000000,213886.000000,424632.000000,2.688886,0.371901,1.985319,0.437981,2.174443,1195.000000,1.024963
r0094_tau5_alpha0p6_sigma0p6_beta0p2_bpe200,0,sweeps/20260201_214318/json/r0094_tau5_alpha0p6_sigma0p6_beta0p2_bpe200.json,sweeps/20260201_214318/logs/r0094_tau5_alpha0p6_sigma0p6_beta0p2_bpe200.out,sweeps/20260201_214318/logs/r0094_tau5_alpha0p6_sigma0p6_beta0p2_bpe200.err,2181.263,5,0.6,0.6,0.2,200,1141787.000000,213886.000000,414290.000000,2.756009,0.362844,1.936966,0.455336,2.228724,1183.000000,1141787.000000,213886.000000,441470.000000,2.586330,0.386648,2.064043,0.449253,2.091508,1186.000000,1.065606
r0091_tau5_alpha0p6_sigma0p6_beta0p15_bpe300,0,sweeps/20260201_214318/json/r0091_tau5_alpha0p6_sigma0p6_beta0p15_bpe300.json,sweeps/20260201_214318/logs/r0091_tau5_alpha0p6_sigma0p6_beta0p15_bpe300.out,sweeps/20260201_214318/logs/r0091_tau5_alpha0p6_sigma0p6_beta0p15_bpe300.err,2295.883,5,0.6,0.6,0.15,300,1141787.000000,213886.000000,414290.000000,2.756009,0.362844,1.936966,0.455336,2.228724,1183.000000,1141787.000000,213886.000000,432590.000000,2.639421,0.378871,2.022526,0.441441,2.134441,1203.000000,1.044172
r0092_tau5_alpha0p6_sigma0p6_beta0p15_bpe400,0,sweeps/20260201_214318/json/r0092_tau5_alpha0p6_sigma0p6_beta0p15_bpe400.json,sweeps/20260201_214318/logs/r0092_tau5_alpha0p6_sigma0p6_beta0p15_bpe400.out,sweeps/20260201_214318/logs/r0092_tau5_alpha0p6_sigma0p6_beta0p15_bpe400.err,2380.226,5,0.6,0.6,0.15,400,1141787.000000,213886.000000,414290.000000,2.756009,0.362844,1.936966,0.455336,2.228724,1183.000000,1141787.000000,213886.000000,424604.000000,2.689063,0.371877,1.985188,0.438953,2.174586,1194.000000,1.024896
r0095_tau5_alpha0p6_sigma0p6_beta0p2_bpe300,0,sweeps/20260201_214318/json/r0095_tau5_alpha0p6_sigma0p6_beta0p2_bpe300.json,sweeps/20260201_214318/logs/r0095_tau5_alpha0p6_sigma0p6_beta0p2_bpe300.out,sweeps/20260201_214318/logs/r0095_tau5_alpha0p6_sigma0p6_beta0p2_bpe300.err,2303.185,5,0.6,0.6,0.2,300,1141787.000000,213886.000000,414290.000000,2.756009,0.362844,1.936966,0.455336,2.228724,1183.000000,1141787.000000,213886.000000,432501.000000,2.639964,0.378793,2.022110,0.441862,2.134881,1203.000000,1.043957
r0096_tau5_alpha0p6_sigma0p6_beta0p2_bpe400,0,sweeps/20260201_214318/json/r0096_tau5_alpha0p6_sigma0p6_beta0p2_bpe400.json,sweeps/20260201_214318/logs/r0096_tau5_alpha0p6_sigma0p6_beta0p2_bpe400.out,sweeps/20260201_214318/logs/r0096_tau5_alpha0p6_sigma0p6_beta0p2_bpe400.err,2359.696,5,0.6,0.6,0.2,400,1141787.000000,213886.000000,414290.000000,2.756009,0.362844,1.936966,0.455336,2.228724,1183.000000,1141787.000000,213886.000000,424633.000000,2.688880,0.371902,1.985324,0.438720,2.174438,1194.000000,1.024966
r0097_tau5_alpha0p6_sigma0p8_beta0p01_bpe100,0,sweeps/20260201_214318/json/r0097_tau5_alpha0p6_sigma0p8_beta0p01_bpe100.json,sweeps/20260201_214318/logs/r0097_tau5_alpha0p6_sigma0p8_beta0p01_bpe100.out,sweeps/20260201_214318/logs/r0097_tau5_alpha0p6_sigma0p8_beta0p01_bpe100.err,2162.046,5,0.6,0.8,0.01,100,1141787.000000,213886.000000,414290.000000,2.756009,0.362844,1.936966,0.455336,2.228724,1183.000000,1141787.000000,213886.000000,465832.000000,2.451070,0.407985,2.177945,0.466627,1.982127,1196.000000,1.124410
r0098_tau5_alpha0p6_sigma0p8_beta0p01_bpe200,0,sweeps/20260201_214318/json/r0098_tau5_alpha0p6_sigma0p8_beta0p01_bpe200.json,sweeps/20260201_214318/logs/r0098_tau5_alpha0p6_sigma0p8_beta0p01_bpe200.out,sweeps/20260201_214318/logs/r0098_tau5_alpha0p6_sigma0p8_beta0p01_bpe200.err,2207.657,5,0.6,0.8,0.01,200,1141787.000000,213886.000000,414290.000000,2.756009,0.362844,1.936966,0.455336,2.228724,1183.000000,1141787.000000,213886.000000,441473.000000,2.586312,0.386651,2.064057,0.446761,2.091494,1188.000000,1.065613
r0101_tau5_alpha0p6_sigma0p8_beta0p1_bpe100,0,sweeps/20260201_214318/json/r0101_tau5_alpha0p6_sigma0p8_beta0p1_bpe100.json,sweeps/20260201_214318/logs/r0101_tau5_alpha0p6_sigma0p8_beta0p1_bpe100.out,sweeps/20260201_214318/logs/r0101_tau5_alpha0p6_sigma0p8_beta0p1_bpe100.err,2183.898,5,0.6,0.8,0.1,100,1141787.000000,213886.000000,414290.000000,2.756009,0.362844,1.936966,0.455336,2.228724,1183.000000,1141787.000000,213886.000000,465281.000000,2.453973,0.407502,2.175369,0.464579,1.984474,1198.000000,1.123080
r0099_tau5_alpha0p6_sigma0p8_beta0p01_bpe300,0,sweeps/20260201_214318/json/r0099_tau5_alpha0p6_sigma0p8_beta0p01_bpe300.json,sweeps/20260201_214318/logs/r0099_tau5_alpha0p6_sigma0p8_beta0p01_bpe300.out,sweeps/20260201_214318/logs/r0099_tau5_alpha0p6_sigma0p8_beta0p01_bpe300.err,2244.100,5,0.6,0.8,0.01,300,1141787.000000,213886.000000,414290.000000,2.756009,0.362844,1.936966,0.455336,2.228724,1183.000000,1141787.000000,213886.000000,432539.000000,2.639732,0.378826,2.022288,0.439384,2.134693,1200.000000,1.044049
r0102_tau5_alpha0p6_sigma0p8_beta0p1_bpe200,0,sweeps/20260201_214318/json/r0102_tau5_alpha0p6_sigma0p8_beta0p1_bpe200.json,sweeps/20260201_214318/logs/r0102_tau5_alpha0p6_sigma0p8_beta0p1_bpe200.out,sweeps/20260201_214318/logs/r0102_tau5_alpha0p6_sigma0p8_beta0p1_bpe200.err,2202.208,5,0.6,0.8,0.1,200,1141787.000000,213886.000000,414290.000000,2.756009,0.362844,1.936966,0.455336,2.228724,1183.000000,1141787.000000,213886.000000,441498.000000,2.586166,0.386673,2.064174,0.447963,2.091375,1189.000000,1.065674
r0105_tau5_alpha0p6_sigma0p8_beta0p15_bpe100,0,sweeps/20260201_214318/json/r0105_tau5_alpha0p6_sigma0p8_beta0p15_bpe100.json,sweeps/20260201_214318/logs/r0105_tau5_alpha0p6_sigma0p8_beta0p15_bpe100.out,sweeps/20260201_214318/logs/r0105_tau5_alpha0p6_sigma0p8_beta0p15_bpe100.err,2128.140,5,0.6,0.8,0.15,100,1141787.000000,213886.000000,414290.000000,2.756009,0.362844,1.936966,0.455336,2.228724,1183.000000,1141787.000000,213886.000000,465754.000000,2.451481,0.407917,2.177581,0.464271,1.982459,1199.000000,1.124222
r0100_tau5_alpha0p6_sigma0p8_beta0p01_bpe400,0,sweeps/20260201_214318/json/r0100_tau5_alpha0p6_sigma0p8_beta0p01_bpe400.json,sweeps/20260201_214318/logs/r0100_tau5_alpha0p6_sigma0p8_beta0p01_bpe400.out,sweeps/20260201_214318/logs/r0100_tau5_alpha0p6_sigma0p8_beta0p01_bpe400.err,2344.879,5,0.6,0.8,0.01,400,1141787.000000,213886.000000,414290.000000,2.756009,0.362844,1.936966,0.455336,2.228724,1183.000000,1141787.000000,213886.000000,424699.000000,2.688462,0.371960,1.985633,0.437780,2.174100,1194.000000,1.025125
r0103_tau5_alpha0p6_sigma0p8_beta0p1_bpe300,0,sweeps/20260201_214318/json/r0103_tau5_alpha0p6_sigma0p8_beta0p1_bpe300.json,sweeps/20260201_214318/logs/r0103_tau5_alpha0p6_sigma0p8_beta0p1_bpe300.out,sweeps/20260201_214318/logs/r0103_tau5_alpha0p6_sigma0p8_beta0p1_bpe300.err,2326.410,5,0.6,0.8,0.1,300,1141787.000000,213886.000000,414290.000000,2.756009,0.362844,1.936966,0.455336,2.228724,1183.000000,1141787.000000,213886.000000,432574.000000,2.639518,0.378857,2.022451,0.440880,2.134520,1202.000000,1.044133
r0106_tau5_alpha0p6_sigma0p8_beta0p15_bpe200,0,sweeps/20260201_214318/json/r0106_tau5_alpha0p6_sigma0p8_beta0p15_bpe200.json,sweeps/20260201_214318/logs/r0106_tau5_alpha0p6_sigma0p8_beta0p15_bpe200.out,sweeps/20260201_214318/logs/r0106_tau5_alpha0p6_sigma0p8_beta0p15_bpe200.err,2235.875,5,0.6,0.8,0.15,200,1141787.000000,213886.000000,414290.000000,2.756009,0.362844,1.936966,0.455336,2.228724,1183.000000,1141787.000000,213886.000000,441300.000000,2.587326,0.386499,2.063249,0.448402,2.092314,1189.000000,1.065196
r0109_tau5_alpha0p6_sigma0p8_beta0p2_bpe100,0,sweeps/20260201_214318/json/r0109_tau5_alpha0p6_sigma0p8_beta0p2_bpe100.json,sweeps/20260201_214318/logs/r0109_tau5_alpha0p6_sigma0p8_beta0p2_bpe100.out,sweeps/20260201_214318/logs/r0109_tau5_alpha0p6_sigma0p8_beta0p2_bpe100.err,2137.803,5,0.6,0.8,0.2,100,1141787.000000,213886.000000,414290.000000,2.756009,0.362844,1.936966,0.455336,2.228724,1183.000000,1141787.000000,213886.000000,465522.000000,2.452703,0.407714,2.176496,0.467029,1.983447,1199.000000,1.123662
r0104_tau5_alpha0p6_sigma0p8_beta0p1_bpe400,0,sweeps/20260201_214318/json/r0104_tau5_alpha0p6_sigma0p8_beta0p1_bpe400.json,sweeps/20260201_214318/logs/r0104_tau5_alpha0p6_sigma0p8_beta0p1_bpe400.out,sweeps/20260201_214318/logs/r0104_tau5_alpha0p6_sigma0p8_beta0p1_bpe400.err,2402.575,5,0.6,0.8,0.1,400,1141787.000000,213886.000000,414290.000000,2.756009,0.362844,1.936966,0.455336,2.228724,1183.000000,1141787.000000,213886.000000,424632.000000,2.688886,0.371901,1.985319,0.437981,2.174443,1195.000000,1.024963
r0107_tau5_alpha0p6_sigma0p8_beta0p15_bpe300,0,sweeps/20260201_214318/json/r0107_tau5_alpha0p6_sigma0p8_beta0p15_bpe300.json,sweeps/20260201_214318/logs/r0107_tau5_alpha0p6_sigma0p8_beta0p15_bpe300.out,sweeps/20260201_214318/logs/r0107_tau5_alpha0p6_sigma0p8_beta0p15_bpe300.err,2285.484,5,0.6,0.8,0.15,300,1141787.000000,213886.000000,414290.000000,2.756009,0.362844,1.936966,0.455336,2.228724,1183.000000,1141787.000000,213886.000000,432590.000000,2.639421,0.378871,2.022526,0.441441,2.134441,1203.000000,1.044172
r0110_tau5_alpha0p6_sigma0p8_beta0p2_bpe200,0,sweeps/20260201_214318/json/r0110_tau5_alpha0p6_sigma0p8_beta0p2_bpe200.json,sweeps/20260201_214318/logs/r0110_tau5_alpha0p6_sigma0p8_beta0p2_bpe200.out,sweeps/20260201_214318/logs/r0110_tau5_alpha0p6_sigma0p8_beta0p2_bpe200.err,2185.105,5,0.6,0.8,0.2,200,1141787.000000,213886.000000,414290.000000,2.756009,0.362844,1.936966,0.455336,2.228724,1183.000000,1141787.000000,213886.000000,441470.000000,2.586330,0.386648,2.064043,0.449253,2.091508,1186.000000,1.065606
r0108_tau5_alpha0p6_sigma0p8_beta0p15_bpe400,0,sweeps/20260201_214318/json/r0108_tau5_alpha0p6_sigma0p8_beta0p15_bpe400.json,sweeps/20260201_214318/logs/r0108_tau5_alpha0p6_sigma0p8_beta0p15_bpe400.out,sweeps/20260201_214318/logs/r0108_tau5_alpha0p6_sigma0p8_beta0p15_bpe400.err,2361.327,5,0.6,0.8,0.15,400,1141787.000000,213886.000000,414290.000000,2.756009,0.362844,1.936966,0.455336,2.228724,1183.000000,1141787.000000,213886.000000,424604.000000,2.689063,0.371877,1.985188,0.438953,2.174586,1194.000000,1.024896
r0111_tau5_alpha0p6_sigma0p8_beta0p2_bpe300,0,sweeps/20260201_214318/json/r0111_tau5_alpha0p6_sigma0p8_beta0p2_bpe300.json,sweeps/20260201_214318/logs/r0111_tau5_alpha0p6_sigma0p8_beta0p2_bpe300.out,sweeps/20260201_214318/logs/r0111_tau5_alpha0p6_sigma0p8_beta0p2_bpe300.err,2287.022,5,0.6,0.8,0.2,300,1141787.000000,213886.000000,414290.000000,2.756009,0.362844,1.936966,0.455336,2.228724,1183.000000,1141787.000000,213886.000000,432501.000000,2.639964,0.378793,2.022110,0.441862,2.134881,1203.000000,1.043957
r0112_tau5_alpha0p6_sigma0p8_beta0p2_bpe400,0,sweeps/20260201_214318/json/r0112_tau5_alpha0p6_sigma0p8_beta0p2_bpe400.json,sweeps/20260201_214318/logs/r0112_tau5_alpha0p6_sigma0p8_beta0p2_bpe400.out,sweeps/20260201_214318/logs/r0112_tau5_alpha0p6_sigma0p8_beta0p2_bpe400.err,2342.606,5,0.6,0.8,0.2,400,1141787.000000,213886.000000,414290.000000,2.756009,0.362844,1.936966,0.455336,2.228724,1183.000000,1141787.000000,213886.000000,424633.000000,2.688880,0.371902,1.985324,0.438720,2.174438,1194.000000,1.024966
r0113_tau5_alpha0p6_sigma1_beta0p01_bpe100,0,sweeps/20260201_214318/json/r0113_tau5_alpha0p6_sigma1_beta0p01_bpe100.json,sweeps/20260201_214318/logs/r0113_tau5_alpha0p6_sigma1_beta0p01_bpe100.out,sweeps/20260201_214318/logs/r0113_tau5_alpha0p6_sigma1_beta0p01_bpe100.err,2149.358,5,0.6,1.0,0.01,100,1141787.000000,213886.000000,414290.000000,2.756009,0.362844,1.936966,0.455336,2.228724,1183.000000,1141787.000000,213886.000000,465832.000000,2.451070,0.407985,2.177945,0.466627,1.982127,1196.000000,1.124410
r0114_tau5_alpha0p6_sigma1_beta0p01_bpe200,0,sweeps/20260201_214318/json/r0114_tau5_alpha0p6_sigma1_beta0p01_bpe200.json,sweeps/20260201_214318/logs/r0114_tau5_alpha0p6_sigma1_beta0p01_bpe200.out,sweeps/20260201_214318/logs/r0114_tau5_alpha0p6_sigma1_beta0p01_bpe200.err,2229.593,5,0.6,1.0,0.01,200,1141787.000000,213886.000000,414290.000000,2.756009,0.362844,1.936966,0.455336,2.228724,1183.000000,1141787.000000,213886.000000,441473.000000,2.586312,0.386651,2.064057,0.446761,2.091494,1188.000000,1.065613
r0117_tau5_alpha0p6_sigma1_beta0p1_bpe100,0,sweeps/20260201_214318/json/r0117_tau5_alpha0p6_sigma1_beta0p1_bpe100.json,sweeps/20260201_214318/logs/r0117_tau5_alpha0p6_sigma1_beta0p1_bpe100.out,sweeps/20260201_214318/logs/r0117_tau5_alpha0p6_sigma1_beta0p1_bpe100.err,2159.038,5,0.6,1.0,0.1,100,1141787.000000,213886.000000,414290.000000,2.756009,0.362844,1.936966,0.455336,2.228724,1183.000000,1141787.000000,213886.000000,465281.000000,2.453973,0.407502,2.175369,0.464579,1.984474,1198.000000,1.123080
r0118_tau5_alpha0p6_sigma1_beta0p1_bpe200,0,sweeps/20260201_214318/json/r0118_tau5_alpha0p6_sigma1_beta0p1_bpe200.json,sweeps/20260201_214318/logs/r0118_tau5_alpha0p6_sigma1_beta0p1_bpe200.out,sweeps/20260201_214318/logs/r0118_tau5_alpha0p6_sigma1_beta0p1_bpe200.err,2227.097,5,0.6,1.0,0.1,200,1141787.000000,213886.000000,414290.000000,2.756009,0.362844,1.936966,0.455336,2.228724,1183.000000,1141787.000000,213886.000000,441498.000000,2.586166,0.386673,2.064174,0.447963,2.091375,1189.000000,1.065674
r0115_tau5_alpha0p6_sigma1_beta0p01_bpe300,0,sweeps/20260201_214318/json/r0115_tau5_alpha0p6_sigma1_beta0p01_bpe300.json,sweeps/20260201_214318/logs/r0115_tau5_alpha0p6_sigma1_beta0p01_bpe300.out,sweeps/20260201_214318/logs/r0115_tau5_alpha0p6_sigma1_beta0p01_bpe300.err,2324.970,5,0.6,1.0,0.01,300,1141787.000000,213886.000000,414290.000000,2.756009,0.362844,1.936966,0.455336,2.228724,1183.000000,1141787.000000,213886.000000,432539.000000,2.639732,0.378826,2.022288,0.439384,2.134693,1200.000000,1.044049
r0121_tau5_alpha0p6_sigma1_beta0p15_bpe100,0,sweeps/20260201_214318/json/r0121_tau5_alpha0p6_sigma1_beta0p15_bpe100.json,sweeps/20260201_214318/logs/r0121_tau5_alpha0p6_sigma1_beta0p15_bpe100.out,sweeps/20260201_214318/logs/r0121_tau5_alpha0p6_sigma1_beta0p15_bpe100.err,2120.345,5,0.6,1.0,0.15,100,1141787.000000,213886.000000,414290.000000,2.756009,0.362844,1.936966,0.455336,2.228724,1183.000000,1141787.000000,213886.000000,465754.000000,2.451481,0.407917,2.177581,0.464271,1.982459,1199.000000,1.124222
r0116_tau5_alpha0p6_sigma1_beta0p01_bpe400,0,sweeps/20260201_214318/json/r0116_tau5_alpha0p6_sigma1_beta0p01_bpe400.json,sweeps/20260201_214318/logs/r0116_tau5_alpha0p6_sigma1_beta0p01_bpe400.out,sweeps/20260201_214318/logs/r0116_tau5_alpha0p6_sigma1_beta0p01_bpe400.err,2362.582,5,0.6,1.0,0.01,400,1141787.000000,213886.000000,414290.000000,2.756009,0.362844,1.936966,0.455336,2.228724,1183.000000,1141787.000000,213886.000000,424699.000000,2.688462,0.371960,1.985633,0.437780,2.174100,1194.000000,1.025125
r0119_tau5_alpha0p6_sigma1_beta0p1_bpe300,0,sweeps/20260201_214318/json/r0119_tau5_alpha0p6_sigma1_beta0p1_bpe300.json,sweeps/20260201_214318/logs/r0119_tau5_alpha0p6_sigma1_beta0p1_bpe300.out,sweeps/20260201_214318/logs/r0119_tau5_alpha0p6_sigma1_beta0p1_bpe300.err,2287.227,5,0.6,1.0,0.1,300,1141787.000000,213886.000000,414290.000000,2.756009,0.362844,1.936966,0.455336,2.228724,1183.000000,1141787.000000,213886.000000,432574.000000,2.639518,0.378857,2.022451,0.440880,2.134520,1202.000000,1.044133
r0122_tau5_alpha0p6_sigma1_beta0p15_bpe200,0,sweeps/20260201_214318/json/r0122_tau5_alpha0p6_sigma1_beta0p15_bpe200.json,sweeps/20260201_214318/logs/r0122_tau5_alpha0p6_sigma1_beta0p15_bpe200.out,sweeps/20260201_214318/logs/r0122_tau5_alpha0p6_sigma1_beta0p15_bpe200.err,2216.285,5,0.6,1.0,0.15,200,1141787.000000,213886.000000,414290.000000,2.756009,0.362844,1.936966,0.455336,2.228724,1183.000000,1141787.000000,213886.000000,441300.000000,2.587326,0.386499,2.063249,0.448402,2.092314,1189.000000,1.065196
r0120_tau5_alpha0p6_sigma1_beta0p1_bpe400,0,sweeps/20260201_214318/json/r0120_tau5_alpha0p6_sigma1_beta0p1_bpe400.json,sweeps/20260201_214318/logs/r0120_tau5_alpha0p6_sigma1_beta0p1_bpe400.out,sweeps/20260201_214318/logs/r0120_tau5_alpha0p6_sigma1_beta0p1_bpe400.err,2317.027,5,0.6,1.0,0.1,400,1141787.000000,213886.000000,414290.000000,2.756009,0.362844,1.936966,0.455336,2.228724,1183.000000,1141787.000000,213886.000000,424632.000000,2.688886,0.371901,1.985319,0.437981,2.174443,1195.000000,1.024963
r0125_tau5_alpha0p6_sigma1_beta0p2_bpe100,0,sweeps/20260201_214318/json/r0125_tau5_alpha0p6_sigma1_beta0p2_bpe100.json,sweeps/20260201_214318/logs/r0125_tau5_alpha0p6_sigma1_beta0p2_bpe100.out,sweeps/20260201_214318/logs/r0125_tau5_alpha0p6_sigma1_beta0p2_bpe100.err,2153.876,5,0.6,1.0,0.2,100,1141787.000000,213886.000000,414290.000000,2.756009,0.362844,1.936966,0.455336,2.228724,1183.000000,1141787.000000,213886.000000,465522.000000,2.452703,0.407714,2.176496,0.467029,1.983447,1199.000000,1.123662
r0123_tau5_alpha0p6_sigma1_beta0p15_bpe300,0,sweeps/20260201_214318/json/r0123_tau5_alpha0p6_sigma1_beta0p15_bpe300.json,sweeps/20260201_214318/logs/r0123_tau5_alpha0p6_sigma1_beta0p15_bpe300.out,sweeps/20260201_214318/logs/r0123_tau5_alpha0p6_sigma1_beta0p15_bpe300.err,2303.760,5,0.6,1.0,0.15,300,1141787.000000,213886.000000,414290.000000,2.756009,0.362844,1.936966,0.455336,2.228724,1183.000000,1141787.000000,213886.000000,432590.000000,2.639421,0.378871,2.022526,0.441441,2.134441,1203.000000,1.044172
r0126_tau5_alpha0p6_sigma1_beta0p2_bpe200,0,sweeps/20260201_214318/json/r0126_tau5_alpha0p6_sigma1_beta0p2_bpe200.json,sweeps/20260201_214318/logs/r0126_tau5_alpha0p6_sigma1_beta0p2_bpe200.out,sweeps/20260201_214318/logs/r0126_tau5_alpha0p6_sigma1_beta0p2_bpe200.err,2208.220,5,0.6,1.0,0.2,200,1141787.000000,213886.000000,414290.000000,2.756009,0.362844,1.936966,0.455336,2.228724,1183.000000,1141787.000000,213886.000000,441470.000000,2.586330,0.386648,2.064043,0.449253,2.091508,1186.000000,1.065606
r0124_tau5_alpha0p6_sigma1_beta0p15_bpe400,0,sweeps/20260201_214318/json/r0124_tau5_alpha0p6_sigma1_beta0p15_bpe400.json,sweeps/20260201_214318/logs/r0124_tau5_alpha0p6_sigma1_beta0p15_bpe400.out,sweeps/20260201_214318/logs/r0124_tau5_alpha0p6_sigma1_beta0p15_bpe400.err,2352.141,5,0.6,1.0,0.15,400,1141787.000000,213886.000000,414290.000000,2.756009,0.362844,1.936966,0.455336,2.228724,1183.000000,1141787.000000,213886.000000,424604.000000,2.689063,0.371877,1.985188,0.438953,2.174586,1194.000000,1.024896
r0127_tau5_alpha0p6_sigma1_beta0p2_bpe300,0,sweeps/20260201_214318/json/r0127_tau5_alpha0p6_sigma1_beta0p2_bpe300.json,sweeps/20260201_214318/logs/r0127_tau5_alpha0p6_sigma1_beta0p2_bpe300.out,sweeps/20260201_214318/logs/r0127_tau5_alpha0p6_sigma1_beta0p2_bpe300.err,2318.424,5,0.6,1.0,0.2,300,1141787.000000,213886.000000,414290.000000,2.756009,0.362844,1.936966,0.455336,2.228724,1183.000000,1141787.000000,213886.000000,432501.000000,2.639964,0.378793,2.022110,0.441862,2.134881,1203.000000,1.043957
r0128_tau5_alpha0p6_sigma1_beta0p2_bpe400,0,sweeps/20260201_214318/json/r0128_tau5_alpha0p6_sigma1_beta0p2_bpe400.json,sweeps/20260201_214318/logs/r0128_tau5_alpha0p6_sigma1_beta0p2_bpe400.out,sweeps/20260201_214318/logs/r0128_tau5_alpha0p6_sigma1_beta0p2_bpe400.err,2333.632,5,0.6,1.0,0.2,400,1141787.000000,213886.000000,414290.000000,2.756009,0.362844,1.936966,0.455336,2.228724,1183.000000,1141787.000000,213886.000000,424633.000000,2.688880,0.371902,1.985324,0.438720,2.174438,1194.000000,1.024966
r0129_tau5_alpha0p8_sigma0p4_beta0p01_bpe100,0,sweeps/20260201_214318/json/r0129_tau5_alpha0p8_sigma0p4_beta0p01_bpe100.json,sweeps/20260201_214318/logs/r0129_tau5_alpha0p8_sigma0p4_beta0p01_bpe100.out,sweeps/20260201_214318/logs/r0129_tau5_alpha0p8_sigma0p4_beta0p01_bpe100.err,2125.218,5,0.8,0.4,0.01,100,1141787.000000,213886.000000,414290.000000,2.756009,0.362844,1.936966,0.455336,2.228724,1183.000000,1141787.000000,213886.000000,465517.000000,2.452729,0.407709,2.176473,0.467712,1.983468,1204.000000,1.123650
r0130_tau5_alpha0p8_sigma0p4_beta0p01_bpe200,0,sweeps/20260201_214318/json/r0130_tau5_alpha0p8_sigma0p4_beta0p01_bpe200.json,sweeps/20260201_214318/logs/r0130_tau5_alpha0p8_sigma0p4_beta0p01_bpe200.out,sweeps/20260201_214318/logs/r0130_tau5_alpha0p8_sigma0p4_beta0p01_bpe200.err,2214.985,5,0.8,0.4,0.01,200,1141787.000000,213886.000000,414290.000000,2.756009,0.362844,1.936966,0.455336,2.228724,1183.000000,1141787.000000,213886.000000,441637.000000,2.585352,0.386795,2.064824,0.447883,2.090717,1192.000000,1.066009
r0131_tau5_alpha0p8_sigma0p4_beta0p01_bpe300,0,sweeps/20260201_214318/json/r0131_tau5_alpha0p8_sigma0p4_beta0p01_bpe300.json,sweeps/20260201_214318/logs/r0131_tau5_alpha0p8_sigma0p4_beta0p01_bpe300.out,sweeps/20260201_214318/logs/r0131_tau5_alpha0p8_sigma0p4_beta0p01_bpe300.err,2286.731,5,0.8,0.4,0.01,300,1141787.000000,213886.000000,414290.000000,2.756009,0.362844,1.936966,0.455336,2.228724,1183.000000,1141787.000000,213886.000000,432183.000000,2.641906,0.378515,2.020623,0.443400,2.136451,1202.000000,1.043190
r0133_tau5_alpha0p8_sigma0p4_beta0p1_bpe100,0,sweeps/20260201_214318/json/r0133_tau5_alpha0p8_sigma0p4_beta0p1_bpe100.json,sweeps/20260201_214318/logs/r0133_tau5_alpha0p8_sigma0p4_beta0p1_bpe100.out,sweeps/20260201_214318/logs/r0133_tau5_alpha0p8_sigma0p4_beta0p1_bpe100.err,2189.922,5,0.8,0.4,0.1,100,1141787.000000,213886.000000,414290.000000,2.756009,0.362844,1.936966,0.455336,2.228724,1183.000000,1141787.000000,213886.000000,465622.000000,2.452176,0.407801,2.176963,0.467338,1.983021,1195.000000,1.123904
r0134_tau5_alpha0p8_sigma0p4_beta0p1_bpe200,0,sweeps/20260201_214318/json/r0134_tau5_alpha0p8_sigma0p4_beta0p1_bpe200.json,sweeps/20260201_214318/logs/r0134_tau5_alpha0p8_sigma0p4_beta0p1_bpe200.out,sweeps/20260201_214318/logs/r0134_tau5_alpha0p8_sigma0p4_beta0p1_bpe200.err,2249.798,5,0.8,0.4,0.1,200,1141787.000000,213886.000000,414290.000000,2.756009,0.362844,1.936966,0.455336,2.228724,1183.000000,1141787.000000,213886.000000,441246.000000,2.587643,0.386452,2.062996,0.448449,2.092570,1195.000000,1.065066
r0137_tau5_alpha0p8_sigma0p4_beta0p15_bpe100,0,sweeps/20260201_214318/json/r0137_tau5_alpha0p8_sigma0p4_beta0p15_bpe100.json,sweeps/20260201_214318/logs/r0137_tau5_alpha0p8_sigma0p4_beta0p15_bpe100.out,sweeps/20260201_214318/logs/r0137_tau5_alpha0p8_sigma0p4_beta0p15_bpe100.err,2182.524,5,0.8,0.4,0.15,100,1141787.000000,213886.000000,414290.000000,2.756009,0.362844,1.936966,0.455336,2.228724,1183.000000,1141787.000000,213886.000000,465779.000000,2.451349,0.407939,2.177697,0.468221,1.982352,1196.000000,1.124283
r0135_tau5_alpha0p8_sigma0p4_beta0p1_bpe300,0,sweeps/20260201_214318/json/r0135_tau5_alpha0p8_sigma0p4_beta0p1_bpe300.json,sweeps/20260201_214318/logs/r0135_tau5_alpha0p8_sigma0p4_beta0p1_bpe300.out,sweeps/20260201_214318/logs/r0135_tau5_alpha0p8_sigma0p4_beta0p1_bpe300.err,2266.136,5,0.8,0.4,0.1,300,1141787.000000,213886.000000,414290.000000,2.756009,0.362844,1.936966,0.455336,2.228724,1183.000000,1141787.000000,213886.000000,431960.000000,2.643270,0.378319,2.019581,0.442497,2.137554,1206.000000,1.042651
r0132_tau5_alpha0p8_sigma0p4_beta0p01_bpe400,0,sweeps/20260201_214318/json/r0132_tau5_alpha0p8_sigma0p4_beta0p01_bpe400.json,sweeps/20260201_214318/logs/r0132_tau5_alpha0p8_sigma0p4_beta0p01_bpe400.out,sweeps/20260201_214318/logs/r0132_tau5_alpha0p8_sigma0p4_beta0p01_bpe400.err,2344.306,5,0.8,0.4,0.01,400,1141787.000000,213886.000000,414290.000000,2.756009,0.362844,1.936966,0.455336,2.228724,1183.000000,1141787.000000,213886.000000,424304.000000,2.690964,0.371614,1.983786,0.438612,2.176124,1193.000000,1.024171
r0138_tau5_alpha0p8_sigma0p4_beta0p15_bpe200,0,sweeps/20260201_214318/json/r0138_tau5_alpha0p8_sigma0p4_beta0p15_bpe200.json,sweeps/20260201_214318/logs/r0138_tau5_alpha0p8_sigma0p4_beta0p15_bpe200.out,sweeps/20260201_214318/logs/r0138_tau5_alpha0p8_sigma0p4_beta0p15_bpe200.err,2226.610,5,0.8,0.4,0.15,200,1141787.000000,213886.000000,414290.000000,2.756009,0.362844,1.936966,0.455336,2.228724,1183.000000,1141787.000000,213886.000000,441309.000000,2.587273,0.386507,2.063291,0.449487,2.092271,1194.000000,1.065218
r0136_tau5_alpha0p8_sigma0p4_beta0p1_bpe400,0,sweeps/20260201_214318/json/r0136_tau5_alpha0p8_sigma0p4_beta0p1_bpe400.json,sweeps/20260201_214318/logs/r0136_tau5_alpha0p8_sigma0p4_beta0p1_bpe400.out,sweeps/20260201_214318/logs/r0136_tau5_alpha0p8_sigma0p4_beta0p1_bpe400.err,2356.000,5,0.8,0.4,0.1,400,1141787.000000,213886.000000,414290.000000,2.756009,0.362844,1.936966,0.455336,2.228724,1183.000000,1141787.000000,213886.000000,424250.000000,2.691307,0.371567,1.983533,0.438308,2.176401,1192.000000,1.024041
r0141_tau5_alpha0p8_sigma0p4_beta0p2_bpe100,0,sweeps/20260201_214318/json/r0141_tau5_alpha0p8_sigma0p4_beta0p2_bpe100.json,sweeps/20260201_214318/logs/r0141_tau5_alpha0p8_sigma0p4_beta0p2_bpe100.out,sweeps/20260201_214318/logs/r0141_tau5_alpha0p8_sigma0p4_beta0p2_bpe100.err,2146.775,5,0.8,0.4,0.2,100,1141787.000000,213886.000000,414290.000000,2.756009,0.362844,1.936966,0.455336,2.228724,1183.000000,1141787.000000,213886.000000,465567.000000,2.452465,0.407753,2.176706,0.467735,1.983255,1198.000000,1.123771
r0139_tau5_alpha0p8_sigma0p4_beta0p15_bpe300,0,sweeps/20260201_214318/json/r0139_tau5_alpha0p8_sigma0p4_beta0p15_bpe300.json,sweeps/20260201_214318/logs/r0139_tau5_alpha0p8_sigma0p4_beta0p15_bpe300.out,sweeps/20260201_214318/logs/r0139_tau5_alpha0p8_sigma0p4_beta0p15_bpe300.err,2282.944,5,0.8,0.4,0.15,300,1141787.000000,213886.000000,414290.000000,2.756009,0.362844,1.936966,0.455336,2.228724,1183.000000,1141787.000000,213886.000000,431572.000000,2.645647,0.377979,2.017766,0.442493,2.139476,1206.000000,1.041715
r0142_tau5_alpha0p8_sigma0p4_beta0p2_bpe200,0,sweeps/20260201_214318/json/r0142_tau5_alpha0p8_sigma0p4_beta0p2_bpe200.json,sweeps/20260201_214318/logs/r0142_tau5_alpha0p8_sigma0p4_beta0p2_bpe200.out,sweeps/20260201_214318/logs/r0142_tau5_alpha0p8_sigma0p4_beta0p2_bpe200.err,2210.620,5,0.8,0.4,0.2,200,1141787.000000,213886.000000,414290.000000,2.756009,0.362844,1.936966,0.455336,2.228724,1183.000000,1141787.000000,213886.000000,441439.000000,2.586511,0.386621,2.063899,0.450357,2.091655,1195.000000,1.065531
r0140_tau5_alpha0p8_sigma0p4_beta0p15_bpe400,0,sweeps/20260201_214318/json/r0140_tau5_alpha0p8_sigma0p4_beta0p15_bpe400.json,sweeps/20260201_214318/logs/r0140_tau5_alpha0p8_sigma0p4_beta0p15_bpe400.out,sweeps/20260201_214318/logs/r0140_tau5_alpha0p8_sigma0p4_beta0p15_bpe400.err,2337.020,5,0.8,0.4,0.15,400,1141787.000000,213886.000000,414290.000000,2.756009,0.362844,1.936966,0.455336,2.228724,1183.000000,1141787.000000,213886.000000,424359.000000,2.690616,0.371662,1.984043,0.439332,2.175842,1189.000000,1.024304
r0143_tau5_alpha0p8_sigma0p4_beta0p2_bpe300,0,sweeps/20260201_214318/json/r0143_tau5_alpha0p8_sigma0p4_beta0p2_bpe300.json,sweeps/20260201_214318/logs/r0143_tau5_alpha0p8_sigma0p4_beta0p2_bpe300.out,sweeps/20260201_214318/logs/r0143_tau5_alpha0p8_sigma0p4_beta0p2_bpe300.err,2295.186,5,0.8,0.4,0.2,300,1141787.000000,213886.000000,414290.000000,2.756009,0.362844,1.936966,0.455336,2.228724,1183.000000,1141787.000000,213886.000000,431557.000000,2.645739,0.377966,2.017696,0.442006,2.139551,1203.000000,1.041679
r0144_tau5_alpha0p8_sigma0p4_beta0p2_bpe400,0,sweeps/20260201_214318/json/r0144_tau5_alpha0p8_sigma0p4_beta0p2_bpe400.json,sweeps/20260201_214318/logs/r0144_tau5_alpha0p8_sigma0p4_beta0p2_bpe400.out,sweeps/20260201_214318/logs/r0144_tau5_alpha0p8_sigma0p4_beta0p2_bpe400.err,2360.070,5,0.8,0.4,0.2,400,1141787.000000,213886.000000,414290.000000,2.756009,0.362844,1.936966,0.455336,2.228724,1183.000000,1141787.000000,213886.000000,424295.000000,2.691022,0.371606,1.983744,0.439332,2.176170,1189.000000,1.024150
r0145_tau5_alpha0p8_sigma0p6_beta0p01_bpe100,0,sweeps/20260201_214318/json/r0145_tau5_alpha0p8_sigma0p6_beta0p01_bpe100.json,sweeps/20260201_214318/logs/r0145_tau5_alpha0p8_sigma0p6_beta0p01_bpe100.out,sweeps/20260201_214318/logs/r0145_tau5_alpha0p8_sigma0p6_beta0p01_bpe100.err,2163.913,5,0.8,0.6,0.01,100,1141787.000000,213886.000000,414290.000000,2.756009,0.362844,1.936966,0.455336,2.228724,1183.000000,1141787.000000,213886.000000,465517.000000,2.452729,0.407709,2.176473,0.467712,1.983468,1204.000000,1.123650
r0146_tau5_alpha0p8_sigma0p6_beta0p01_bpe200,0,sweeps/20260201_214318/json/r0146_tau5_alpha0p8_sigma0p6_beta0p01_bpe200.json,sweeps/20260201_214318/logs/r0146_tau5_alpha0p8_sigma0p6_beta0p01_bpe200.out,sweeps/20260201_214318/logs/r0146_tau5_alpha0p8_sigma0p6_beta0p01_bpe200.err,2169.668,5,0.8,0.6,0.01,200,1141787.000000,213886.000000,414290.000000,2.756009,0.362844,1.936966,0.455336,2.228724,1183.000000,1141787.000000,213886.000000,441637.000000,2.585352,0.386795,2.064824,0.447883,2.090717,1192.000000,1.066009
r0149_tau5_alpha0p8_sigma0p6_beta0p1_bpe100,0,sweeps/20260201_214318/json/r0149_tau5_alpha0p8_sigma0p6_beta0p1_bpe100.json,sweeps/20260201_214318/logs/r0149_tau5_alpha0p8_sigma0p6_beta0p1_bpe100.out,sweeps/20260201_214318/logs/r0149_tau5_alpha0p8_sigma0p6_beta0p1_bpe100.err,2164.468,5,0.8,0.6,0.1,100,1141787.000000,213886.000000,414290.000000,2.756009,0.362844,1.936966,0.455336,2.228724,1183.000000,1141787.000000,213886.000000,465622.000000,2.452176,0.407801,2.176963,0.467338,1.983021,1195.000000,1.123904
r0147_tau5_alpha0p8_sigma0p6_beta0p01_bpe300,0,sweeps/20260201_214318/json/r0147_tau5_alpha0p8_sigma0p6_beta0p01_bpe300.json,sweeps/20260201_214318/logs/r0147_tau5_alpha0p8_sigma0p6_beta0p01_bpe300.out,sweeps/20260201_214318/logs/r0147_tau5_alpha0p8_sigma0p6_beta0p01_bpe300.err,2313.681,5,0.8,0.6,0.01,300,1141787.000000,213886.000000,414290.000000,2.756009,0.362844,1.936966,0.455336,2.228724,1183.000000,1141787.000000,213886.000000,432183.000000,2.641906,0.378515,2.020623,0.443400,2.136451,1202.000000,1.043190
r0150_tau5_alpha0p8_sigma0p6_beta0p1_bpe200,0,sweeps/20260201_214318/json/r0150_tau5_alpha0p8_sigma0p6_beta0p1_bpe200.json,sweeps/20260201_214318/logs/r0150_tau5_alpha0p8_sigma0p6_beta0p1_bpe200.out,sweeps/20260201_214318/logs/r0150_tau5_alpha0p8_sigma0p6_beta0p1_bpe200.err,2212.166,5,0.8,0.6,0.1,200,1141787.000000,213886.000000,414290.000000,2.756009,0.362844,1.936966,0.455336,2.228724,1183.000000,1141787.000000,213886.000000,441246.000000,2.587643,0.386452,2.062996,0.448449,2.092570,1195.000000,1.065066
r0153_tau5_alpha0p8_sigma0p6_beta0p15_bpe100,0,sweeps/20260201_214318/json/r0153_tau5_alpha0p8_sigma0p6_beta0p15_bpe100.json,sweeps/20260201_214318/logs/r0153_tau5_alpha0p8_sigma0p6_beta0p15_bpe100.out,sweeps/20260201_214318/logs/r0153_tau5_alpha0p8_sigma0p6_beta0p15_bpe100.err,2153.946,5,0.8,0.6,0.15,100,1141787.000000,213886.000000,414290.000000,2.756009,0.362844,1.936966,0.455336,2.228724,1183.000000,1141787.000000,213886.000000,465779.000000,2.451349,0.407939,2.177697,0.468221,1.982352,1196.000000,1.124283
r0148_tau5_alpha0p8_sigma0p6_beta0p01_bpe400,0,sweeps/20260201_214318/json/r0148_tau5_alpha0p8_sigma0p6_beta0p01_bpe400.json,sweeps/20260201_214318/logs/r0148_tau5_alpha0p8_sigma0p6_beta0p01_bpe400.out,sweeps/20260201_214318/logs/r0148_tau5_alpha0p8_sigma0p6_beta0p01_bpe400.err,2369.022,5,0.8,0.6,0.01,400,1141787.000000,213886.000000,414290.000000,2.756009,0.362844,1.936966,0.455336,2.228724,1183.000000,1141787.000000,213886.000000,424304.000000,2.690964,0.371614,1.983786,0.438612,2.176124,1193.000000,1.024171
r0151_tau5_alpha0p8_sigma0p6_beta0p1_bpe300,0,sweeps/20260201_214318/json/r0151_tau5_alpha0p8_sigma0p6_beta0p1_bpe300.json,sweeps/20260201_214318/logs/r0151_tau5_alpha0p8_sigma0p6_beta0p1_bpe300.out,sweeps/20260201_214318/logs/r0151_tau5_alpha0p8_sigma0p6_beta0p1_bpe300.err,2294.228,5,0.8,0.6,0.1,300,1141787.000000,213886.000000,414290.000000,2.756009,0.362844,1.936966,0.455336,2.228724,1183.000000,1141787.000000,213886.000000,431960.000000,2.643270,0.378319,2.019581,0.442497,2.137554,1206.000000,1.042651
r0157_tau5_alpha0p8_sigma0p6_beta0p2_bpe100,0,sweeps/20260201_214318/json/r0157_tau5_alpha0p8_sigma0p6_beta0p2_bpe100.json,sweeps/20260201_214318/logs/r0157_tau5_alpha0p8_sigma0p6_beta0p2_bpe100.out,sweeps/20260201_214318/logs/r0157_tau5_alpha0p8_sigma0p6_beta0p2_bpe100.err,2127.235,5,0.8,0.6,0.2,100,1141787.000000,213886.000000,414290.000000,2.756009,0.362844,1.936966,0.455336,2.228724,1183.000000,1141787.000000,213886.000000,465567.000000,2.452465,0.407753,2.176706,0.467735,1.983255,1198.000000,1.123771
r0154_tau5_alpha0p8_sigma0p6_beta0p15_bpe200,0,sweeps/20260201_214318/json/r0154_tau5_alpha0p8_sigma0p6_beta0p15_bpe200.json,sweeps/20260201_214318/logs/r0154_tau5_alpha0p8_sigma0p6_beta0p15_bpe200.out,sweeps/20260201_214318/logs/r0154_tau5_alpha0p8_sigma0p6_beta0p15_bpe200.err,2258.464,5,0.8,0.6,0.15,200,1141787.000000,213886.000000,414290.000000,2.756009,0.362844,1.936966,0.455336,2.228724,1183.000000,1141787.000000,213886.000000,441309.000000,2.587273,0.386507,2.063291,0.449487,2.092271,1194.000000,1.065218
r0152_tau5_alpha0p8_sigma0p6_beta0p1_bpe400,0,sweeps/20260201_214318/json/r0152_tau5_alpha0p8_sigma0p6_beta0p1_bpe400.json,sweeps/20260201_214318/logs/r0152_tau5_alpha0p8_sigma0p6_beta0p1_bpe400.out,sweeps/20260201_214318/logs/r0152_tau5_alpha0p8_sigma0p6_beta0p1_bpe400.err,2400.386,5,0.8,0.6,0.1,400,1141787.000000,213886.000000,414290.000000,2.756009,0.362844,1.936966,0.455336,2.228724,1183.000000,1141787.000000,213886.000000,424250.000000,2.691307,0.371567,1.983533,0.438308,2.176401,1192.000000,1.024041
r0155_tau5_alpha0p8_sigma0p6_beta0p15_bpe300,0,sweeps/20260201_214318/json/r0155_tau5_alpha0p8_sigma0p6_beta0p15_bpe300.json,sweeps/20260201_214318/logs/r0155_tau5_alpha0p8_sigma0p6_beta0p15_bpe300.out,sweeps/20260201_214318/logs/r0155_tau5_alpha0p8_sigma0p6_beta0p15_bpe300.err,2285.861,5,0.8,0.6,0.15,300,1141787.000000,213886.000000,414290.000000,2.756009,0.362844,1.936966,0.455336,2.228724,1183.000000,1141787.000000,213886.000000,431572.000000,2.645647,0.377979,2.017766,0.442493,2.139476,1206.000000,1.041715
r0158_tau5_alpha0p8_sigma0p6_beta0p2_bpe200,0,sweeps/20260201_214318/json/r0158_tau5_alpha0p8_sigma0p6_beta0p2_bpe200.json,sweeps/20260201_214318/logs/r0158_tau5_alpha0p8_sigma0p6_beta0p2_bpe200.out,sweeps/20260201_214318/logs/r0158_tau5_alpha0p8_sigma0p6_beta0p2_bpe200.err,2206.039,5,0.8,0.6,0.2,200,1141787.000000,213886.000000,414290.000000,2.756009,0.362844,1.936966,0.455336,2.228724,1183.000000,1141787.000000,213886.000000,441439.000000,2.586511,0.386621,2.063899,0.450357,2.091655,1195.000000,1.065531
r0156_tau5_alpha0p8_sigma0p6_beta0p15_bpe400,0,sweeps/20260201_214318/json/r0156_tau5_alpha0p8_sigma0p6_beta0p15_bpe400.json,sweeps/20260201_214318/logs/r0156_tau5_alpha0p8_sigma0p6_beta0p15_bpe400.out,sweeps/20260201_214318/logs/r0156_tau5_alpha0p8_sigma0p6_beta0p15_bpe400.err,2368.559,5,0.8,0.6,0.15,400,1141787.000000,213886.000000,414290.000000,2.756009,0.362844,1.936966,0.455336,2.228724,1183.000000,1141787.000000,213886.000000,424359.000000,2.690616,0.371662,1.984043,0.439332,2.175842,1189.000000,1.024304
r0159_tau5_alpha0p8_sigma0p6_beta0p2_bpe300,0,sweeps/20260201_214318/json/r0159_tau5_alpha0p8_sigma0p6_beta0p2_bpe300.json,sweeps/20260201_214318/logs/r0159_tau5_alpha0p8_sigma0p6_beta0p2_bpe300.out,sweeps/20260201_214318/logs/r0159_tau5_alpha0p8_sigma0p6_beta0p2_bpe300.err,2282.116,5,0.8,0.6,0.2,300,1141787.000000,213886.000000,414290.000000,2.756009,0.362844,1.936966,0.455336,2.228724,1183.000000,1141787.000000,213886.000000,431557.000000,2.645739,0.377966,2.017696,0.442006,2.139551,1203.000000,1.041679
r0161_tau5_alpha0p8_sigma0p8_beta0p01_bpe100,0,sweeps/20260201_214318/json/r0161_tau5_alpha0p8_sigma0p8_beta0p01_bpe100.json,sweeps/20260201_214318/logs/r0161_tau5_alpha0p8_sigma0p8_beta0p01_bpe100.out,sweeps/20260201_214318/logs/r0161_tau5_alpha0p8_sigma0p8_beta0p01_bpe100.err,2152.501,5,0.8,0.8,0.01,100,1141787.000000,213886.000000,414290.000000,2.756009,0.362844,1.936966,0.455336,2.228724,1183.000000,1141787.000000,213886.000000,465517.000000,2.452729,0.407709,2.176473,0.467712,1.983468,1204.000000,1.123650
r0160_tau5_alpha0p8_sigma0p6_beta0p2_bpe400,0,sweeps/20260201_214318/json/r0160_tau5_alpha0p8_sigma0p6_beta0p2_bpe400.json,sweeps/20260201_214318/logs/r0160_tau5_alpha0p8_sigma0p6_beta0p2_bpe400.out,sweeps/20260201_214318/logs/r0160_tau5_alpha0p8_sigma0p6_beta0p2_bpe400.err,2358.784,5,0.8,0.6,0.2,400,1141787.000000,213886.000000,414290.000000,2.756009,0.362844,1.936966,0.455336,2.228724,1183.000000,1141787.000000,213886.000000,424295.000000,2.691022,0.371606,1.983744,0.439332,2.176170,1189.000000,1.024150
r0162_tau5_alpha0p8_sigma0p8_beta0p01_bpe200,0,sweeps/20260201_214318/json/r0162_tau5_alpha0p8_sigma0p8_beta0p01_bpe200.json,sweeps/20260201_214318/logs/r0162_tau5_alpha0p8_sigma0p8_beta0p01_bpe200.out,sweeps/20260201_214318/logs/r0162_tau5_alpha0p8_sigma0p8_beta0p01_bpe200.err,2202.097,5,0.8,0.8,0.01,200,1141787.000000,213886.000000,414290.000000,2.756009,0.362844,1.936966,0.455336,2.228724,1183.000000,1141787.000000,213886.000000,441637.000000,2.585352,0.386795,2.064824,0.447883,2.090717,1192.000000,1.066009
r0165_tau5_alpha0p8_sigma0p8_beta0p1_bpe100,0,sweeps/20260201_214318/json/r0165_tau5_alpha0p8_sigma0p8_beta0p1_bpe100.json,sweeps/20260201_214318/logs/r0165_tau5_alpha0p8_sigma0p8_beta0p1_bpe100.out,sweeps/20260201_214318/logs/r0165_tau5_alpha0p8_sigma0p8_beta0p1_bpe100.err,2139.143,5,0.8,0.8,0.1,100,1141787.000000,213886.000000,414290.000000,2.756009,0.362844,1.936966,0.455336,2.228724,1183.000000,1141787.000000,213886.000000,465622.000000,2.452176,0.407801,2.176963,0.467338,1.983021,1195.000000,1.123904
r0163_tau5_alpha0p8_sigma0p8_beta0p01_bpe300,0,sweeps/20260201_214318/json/r0163_tau5_alpha0p8_sigma0p8_beta0p01_bpe300.json,sweeps/20260201_214318/logs/r0163_tau5_alpha0p8_sigma0p8_beta0p01_bpe300.out,sweeps/20260201_214318/logs/r0163_tau5_alpha0p8_sigma0p8_beta0p01_bpe300.err,2293.032,5,0.8,0.8,0.01,300,1141787.000000,213886.000000,414290.000000,2.756009,0.362844,1.936966,0.455336,2.228724,1183.000000,1141787.000000,213886.000000,432183.000000,2.641906,0.378515,2.020623,0.443400,2.136451,1202.000000,1.043190
r0166_tau5_alpha0p8_sigma0p8_beta0p1_bpe200,0,sweeps/20260201_214318/json/r0166_tau5_alpha0p8_sigma0p8_beta0p1_bpe200.json,sweeps/20260201_214318/logs/r0166_tau5_alpha0p8_sigma0p8_beta0p1_bpe200.out,sweeps/20260201_214318/logs/r0166_tau5_alpha0p8_sigma0p8_beta0p1_bpe200.err,2245.051,5,0.8,0.8,0.1,200,1141787.000000,213886.000000,414290.000000,2.756009,0.362844,1.936966,0.455336,2.228724,1183.000000,1141787.000000,213886.000000,441246.000000,2.587643,0.386452,2.062996,0.448449,2.092570,1195.000000,1.065066
r0169_tau5_alpha0p8_sigma0p8_beta0p15_bpe100,0,sweeps/20260201_214318/json/r0169_tau5_alpha0p8_sigma0p8_beta0p15_bpe100.json,sweeps/20260201_214318/logs/r0169_tau5_alpha0p8_sigma0p8_beta0p15_bpe100.out,sweeps/20260201_214318/logs/r0169_tau5_alpha0p8_sigma0p8_beta0p15_bpe100.err,2145.671,5,0.8,0.8,0.15,100,1141787.000000,213886.000000,414290.000000,2.756009,0.362844,1.936966,0.455336,2.228724,1183.000000,1141787.000000,213886.000000,465779.000000,2.451349,0.407939,2.177697,0.468221,1.982352,1196.000000,1.124283
r0164_tau5_alpha0p8_sigma0p8_beta0p01_bpe400,0,sweeps/20260201_214318/json/r0164_tau5_alpha0p8_sigma0p8_beta0p01_bpe400.json,sweeps/20260201_214318/logs/r0164_tau5_alpha0p8_sigma0p8_beta0p01_bpe400.out,sweeps/20260201_214318/logs/r0164_tau5_alpha0p8_sigma0p8_beta0p01_bpe400.err,2364.554,5,0.8,0.8,0.01,400,1141787.000000,213886.000000,414290.000000,2.756009,0.362844,1.936966,0.455336,2.228724,1183.000000,1141787.000000,213886.000000,424304.000000,2.690964,0.371614,1.983786,0.438612,2.176124,1193.000000,1.024171
r0167_tau5_alpha0p8_sigma0p8_beta0p1_bpe300,0,sweeps/20260201_214318/json/r0167_tau5_alpha0p8_sigma0p8_beta0p1_bpe300.json,sweeps/20260201_214318/logs/r0167_tau5_alpha0p8_sigma0p8_beta0p1_bpe300.out,sweeps/20260201_214318/logs/r0167_tau5_alpha0p8_sigma0p8_beta0p1_bpe300.err,2307.614,5,0.8,0.8,0.1,300,1141787.000000,213886.000000,414290.000000,2.756009,0.362844,1.936966,0.455336,2.228724,1183.000000,1141787.000000,213886.000000,431960.000000,2.643270,0.378319,2.019581,0.442497,2.137554,1206.000000,1.042651
r0170_tau5_alpha0p8_sigma0p8_beta0p15_bpe200,0,sweeps/20260201_214318/json/r0170_tau5_alpha0p8_sigma0p8_beta0p15_bpe200.json,sweeps/20260201_214318/logs/r0170_tau5_alpha0p8_sigma0p8_beta0p15_bpe200.out,sweeps/20260201_214318/logs/r0170_tau5_alpha0p8_sigma0p8_beta0p15_bpe200.err,2202.325,5,0.8,0.8,0.15,200,1141787.000000,213886.000000,414290.000000,2.756009,0.362844,1.936966,0.455336,2.228724,1183.000000,1141787.000000,213886.000000,441309.000000,2.587273,0.386507,2.063291,0.449487,2.092271,1194.000000,1.065218
r0173_tau5_alpha0p8_sigma0p8_beta0p2_bpe100,0,sweeps/20260201_214318/json/r0173_tau5_alpha0p8_sigma0p8_beta0p2_bpe100.json,sweeps/20260201_214318/logs/r0173_tau5_alpha0p8_sigma0p8_beta0p2_bpe100.out,sweeps/20260201_214318/logs/r0173_tau5_alpha0p8_sigma0p8_beta0p2_bpe100.err,2143.645,5,0.8,0.8,0.2,100,1141787.000000,213886.000000,414290.000000,2.756009,0.362844,1.936966,0.455336,2.228724,1183.000000,1141787.000000,213886.000000,465567.000000,2.452465,0.407753,2.176706,0.467735,1.983255,1198.000000,1.123771
r0168_tau5_alpha0p8_sigma0p8_beta0p1_bpe400,0,sweeps/20260201_214318/json/r0168_tau5_alpha0p8_sigma0p8_beta0p1_bpe400.json,sweeps/20260201_214318/logs/r0168_tau5_alpha0p8_sigma0p8_beta0p1_bpe400.out,sweeps/20260201_214318/logs/r0168_tau5_alpha0p8_sigma0p8_beta0p1_bpe400.err,2375.571,5,0.8,0.8,0.1,400,1141787.000000,213886.000000,414290.000000,2.756009,0.362844,1.936966,0.455336,2.228724,1183.000000,1141787.000000,213886.000000,424250.000000,2.691307,0.371567,1.983533,0.438308,2.176401,1192.000000,1.024041
r0171_tau5_alpha0p8_sigma0p8_beta0p15_bpe300,0,sweeps/20260201_214318/json/r0171_tau5_alpha0p8_sigma0p8_beta0p15_bpe300.json,sweeps/20260201_214318/logs/r0171_tau5_alpha0p8_sigma0p8_beta0p15_bpe300.out,sweeps/20260201_214318/logs/r0171_tau5_alpha0p8_sigma0p8_beta0p15_bpe300.err,2293.815,5,0.8,0.8,0.15,300,1141787.000000,213886.000000,414290.000000,2.756009,0.362844,1.936966,0.455336,2.228724,1183.000000,1141787.000000,213886.000000,431572.000000,2.645647,0.377979,2.017766,0.442493,2.139476,1206.000000,1.041715
r0174_tau5_alpha0p8_sigma0p8_beta0p2_bpe200,0,sweeps/20260201_214318/json/r0174_tau5_alpha0p8_sigma0p8_beta0p2_bpe200.json,sweeps/20260201_214318/logs/r0174_tau5_alpha0p8_sigma0p8_beta0p2_bpe200.out,sweeps/20260201_214318/logs/r0174_tau5_alpha0p8_sigma0p8_beta0p2_bpe200.err,2227.382,5,0.8,0.8,0.2,200,1141787.000000,213886.000000,414290.000000,2.756009,0.362844,1.936966,0.455336,2.228724,1183.000000,1141787.000000,213886.000000,441439.000000,2.586511,0.386621,2.063899,0.450357,2.091655,1195.000000,1.065531
r0172_tau5_alpha0p8_sigma0p8_beta0p15_bpe400,0,sweeps/20260201_214318/json/r0172_tau5_alpha0p8_sigma0p8_beta0p15_bpe400.json,sweeps/20260201_214318/logs/r0172_tau5_alpha0p8_sigma0p8_beta0p15_bpe400.out,sweeps/20260201_214318/logs/r0172_tau5_alpha0p8_sigma0p8_beta0p15_bpe400.err,2373.701,5,0.8,0.8,0.15,400,1141787.000000,213886.000000,414290.000000,2.756009,0.362844,1.936966,0.455336,2.228724,1183.000000,1141787.000000,213886.000000,424359.000000,2.690616,0.371662,1.984043,0.439332,2.175842,1189.000000,1.024304
r0175_tau5_alpha0p8_sigma0p8_beta0p2_bpe300,0,sweeps/20260201_214318/json/r0175_tau5_alpha0p8_sigma0p8_beta0p2_bpe300.json,sweeps/20260201_214318/logs/r0175_tau5_alpha0p8_sigma0p8_beta0p2_bpe300.out,sweeps/20260201_214318/logs/r0175_tau5_alpha0p8_sigma0p8_beta0p2_bpe300.err,2286.283,5,0.8,0.8,0.2,300,1141787.000000,213886.000000,414290.000000,2.756009,0.362844,1.936966,0.455336,2.228724,1183.000000,1141787.000000,213886.000000,431557.000000,2.645739,0.377966,2.017696,0.442006,2.139551,1203.000000,1.041679
r0177_tau5_alpha0p8_sigma1_beta0p01_bpe100,0,sweeps/20260201_214318/json/r0177_tau5_alpha0p8_sigma1_beta0p01_bpe100.json,sweeps/20260201_214318/logs/r0177_tau5_alpha0p8_sigma1_beta0p01_bpe100.out,sweeps/20260201_214318/logs/r0177_tau5_alpha0p8_sigma1_beta0p01_bpe100.err,2155.395,5,0.8,1.0,0.01,100,1141787.000000,213886.000000,414290.000000,2.756009,0.362844,1.936966,0.455336,2.228724,1183.000000,1141787.000000,213886.000000,465517.000000,2.452729,0.407709,2.176473,0.467712,1.983468,1204.000000,1.123650
r0176_tau5_alpha0p8_sigma0p8_beta0p2_bpe400,0,sweeps/20260201_214318/json/r0176_tau5_alpha0p8_sigma0p8_beta0p2_bpe400.json,sweeps/20260201_214318/logs/r0176_tau5_alpha0p8_sigma0p8_beta0p2_bpe400.out,sweeps/20260201_214318/logs/r0176_tau5_alpha0p8_sigma0p8_beta0p2_bpe400.err,2353.850,5,0.8,0.8,0.2,400,1141787.000000,213886.000000,414290.000000,2.756009,0.362844,1.936966,0.455336,2.228724,1183.000000,1141787.000000,213886.000000,424295.000000,2.691022,0.371606,1.983744,0.439332,2.176170,1189.000000,1.024150
r0178_tau5_alpha0p8_sigma1_beta0p01_bpe200,0,sweeps/20260201_214318/json/r0178_tau5_alpha0p8_sigma1_beta0p01_bpe200.json,sweeps/20260201_214318/logs/r0178_tau5_alpha0p8_sigma1_beta0p01_bpe200.out,sweeps/20260201_214318/logs/r0178_tau5_alpha0p8_sigma1_beta0p01_bpe200.err,2192.536,5,0.8,1.0,0.01,200,1141787.000000,213886.000000,414290.000000,2.756009,0.362844,1.936966,0.455336,2.228724,1183.000000,1141787.000000,213886.000000,441637.000000,2.585352,0.386795,2.064824,0.447883,2.090717,1192.000000,1.066009
r0181_tau5_alpha0p8_sigma1_beta0p1_bpe100,0,sweeps/20260201_214318/json/r0181_tau5_alpha0p8_sigma1_beta0p1_bpe100.json,sweeps/20260201_214318/logs/r0181_tau5_alpha0p8_sigma1_beta0p1_bpe100.out,sweeps/20260201_214318/logs/r0181_tau5_alpha0p8_sigma1_beta0p1_bpe100.err,2114.205,5,0.8,1.0,0.1,100,1141787.000000,213886.000000,414290.000000,2.756009,0.362844,1.936966,0.455336,2.228724,1183.000000,1141787.000000,213886.000000,465622.000000,2.452176,0.407801,2.176963,0.467338,1.983021,1195.000000,1.123904
r0179_tau5_alpha0p8_sigma1_beta0p01_bpe300,0,sweeps/20260201_214318/json/r0179_tau5_alpha0p8_sigma1_beta0p01_bpe300.json,sweeps/20260201_214318/logs/r0179_tau5_alpha0p8_sigma1_beta0p01_bpe300.out,sweeps/20260201_214318/logs/r0179_tau5_alpha0p8_sigma1_beta0p01_bpe300.err,2275.930,5,0.8,1.0,0.01,300,1141787.000000,213886.000000,414290.000000,2.756009,0.362844,1.936966,0.455336,2.228724,1183.000000,1141787.000000,213886.000000,432183.000000,2.641906,0.378515,2.020623,0.443400,2.136451,1202.000000,1.043190
r0182_tau5_alpha0p8_sigma1_beta0p1_bpe200,0,sweeps/20260201_214318/json/r0182_tau5_alpha0p8_sigma1_beta0p1_bpe200.json,sweeps/20260201_214318/logs/r0182_tau5_alpha0p8_sigma1_beta0p1_bpe200.out,sweeps/20260201_214318/logs/r0182_tau5_alpha0p8_sigma1_beta0p1_bpe200.err,2235.439,5,0.8,1.0,0.1,200,1141787.000000,213886.000000,414290.000000,2.756009,0.362844,1.936966,0.455336,2.228724,1183.000000,1141787.000000,213886.000000,441246.000000,2.587643,0.386452,2.062996,0.448449,2.092570,1195.000000,1.065066
r0185_tau5_alpha0p8_sigma1_beta0p15_bpe100,0,sweeps/20260201_214318/json/r0185_tau5_alpha0p8_sigma1_beta0p15_bpe100.json,sweeps/20260201_214318/logs/r0185_tau5_alpha0p8_sigma1_beta0p15_bpe100.out,sweeps/20260201_214318/logs/r0185_tau5_alpha0p8_sigma1_beta0p15_bpe100.err,2168.817,5,0.8,1.0,0.15,100,1141787.000000,213886.000000,414290.000000,2.756009,0.362844,1.936966,0.455336,2.228724,1183.000000,1141787.000000,213886.000000,465779.000000,2.451349,0.407939,2.177697,0.468221,1.982352,1196.000000,1.124283
r0183_tau5_alpha0p8_sigma1_beta0p1_bpe300,0,sweeps/20260201_214318/json/r0183_tau5_alpha0p8_sigma1_beta0p1_bpe300.json,sweeps/20260201_214318/logs/r0183_tau5_alpha0p8_sigma1_beta0p1_bpe300.out,sweeps/20260201_214318/logs/r0183_tau5_alpha0p8_sigma1_beta0p1_bpe300.err,2257.040,5,0.8,1.0,0.1,300,1141787.000000,213886.000000,414290.000000,2.756009,0.362844,1.936966,0.455336,2.228724,1183.000000,1141787.000000,213886.000000,431960.000000,2.643270,0.378319,2.019581,0.442497,2.137554,1206.000000,1.042651
r0180_tau5_alpha0p8_sigma1_beta0p01_bpe400,0,sweeps/20260201_214318/json/r0180_tau5_alpha0p8_sigma1_beta0p01_bpe400.json,sweeps/20260201_214318/logs/r0180_tau5_alpha0p8_sigma1_beta0p01_bpe400.out,sweeps/20260201_214318/logs/r0180_tau5_alpha0p8_sigma1_beta0p01_bpe400.err,2396.491,5,0.8,1.0,0.01,400,1141787.000000,213886.000000,414290.000000,2.756009,0.362844,1.936966,0.455336,2.228724,1183.000000,1141787.000000,213886.000000,424304.000000,2.690964,0.371614,1.983786,0.438612,2.176124,1193.000000,1.024171
r0186_tau5_alpha0p8_sigma1_beta0p15_bpe200,0,sweeps/20260201_214318/json/r0186_tau5_alpha0p8_sigma1_beta0p15_bpe200.json,sweeps/20260201_214318/logs/r0186_tau5_alpha0p8_sigma1_beta0p15_bpe200.out,sweeps/20260201_214318/logs/r0186_tau5_alpha0p8_sigma1_beta0p15_bpe200.err,2224.263,5,0.8,1.0,0.15,200,1141787.000000,213886.000000,414290.000000,2.756009,0.362844,1.936966,0.455336,2.228724,1183.000000,1141787.000000,213886.000000,441309.000000,2.587273,0.386507,2.063291,0.449487,2.092271,1194.000000,1.065218
r0189_tau5_alpha0p8_sigma1_beta0p2_bpe100,0,sweeps/20260201_214318/json/r0189_tau5_alpha0p8_sigma1_beta0p2_bpe100.json,sweeps/20260201_214318/logs/r0189_tau5_alpha0p8_sigma1_beta0p2_bpe100.out,sweeps/20260201_214318/logs/r0189_tau5_alpha0p8_sigma1_beta0p2_bpe100.err,2156.604,5,0.8,1.0,0.2,100,1141787.000000,213886.000000,414290.000000,2.756009,0.362844,1.936966,0.455336,2.228724,1183.000000,1141787.000000,213886.000000,465567.000000,2.452465,0.407753,2.176706,0.467735,1.983255,1198.000000,1.123771
r0184_tau5_alpha0p8_sigma1_beta0p1_bpe400,0,sweeps/20260201_214318/json/r0184_tau5_alpha0p8_sigma1_beta0p1_bpe400.json,sweeps/20260201_214318/logs/r0184_tau5_alpha0p8_sigma1_beta0p1_bpe400.out,sweeps/20260201_214318/logs/r0184_tau5_alpha0p8_sigma1_beta0p1_bpe400.err,2385.584,5,0.8,1.0,0.1,400,1141787.000000,213886.000000,414290.000000,2.756009,0.362844,1.936966,0.455336,2.228724,1183.000000,1141787.000000,213886.000000,424250.000000,2.691307,0.371567,1.983533,0.438308,2.176401,1192.000000,1.024041
r0187_tau5_alpha0p8_sigma1_beta0p15_bpe300,0,sweeps/20260201_214318/json/r0187_tau5_alpha0p8_sigma1_beta0p15_bpe300.json,sweeps/20260201_214318/logs/r0187_tau5_alpha0p8_sigma1_beta0p15_bpe300.out,sweeps/20260201_214318/logs/r0187_tau5_alpha0p8_sigma1_beta0p15_bpe300.err,2309.729,5,0.8,1.0,0.15,300,1141787.000000,213886.000000,414290.000000,2.756009,0.362844,1.936966,0.455336,2.228724,1183.000000,1141787.000000,213886.000000,431572.000000,2.645647,0.377979,2.017766,0.442493,2.139476,1206.000000,1.041715
r0190_tau5_alpha0p8_sigma1_beta0p2_bpe200,0,sweeps/20260201_214318/json/r0190_tau5_alpha0p8_sigma1_beta0p2_bpe200.json,sweeps/20260201_214318/logs/r0190_tau5_alpha0p8_sigma1_beta0p2_bpe200.out,sweeps/20260201_214318/logs/r0190_tau5_alpha0p8_sigma1_beta0p2_bpe200.err,2197.788,5,0.8,1.0,0.2,200,1141787.000000,213886.000000,414290.000000,2.756009,0.362844,1.936966,0.455336,2.228724,1183.000000,1141787.000000,213886.000000,441439.000000,2.586511,0.386621,2.063899,0.450357,2.091655,1195.000000,1.065531
r0188_tau5_alpha0p8_sigma1_beta0p15_bpe400,0,sweeps/20260201_214318/json/r0188_tau5_alpha0p8_sigma1_beta0p15_bpe400.json,sweeps/20260201_214318/logs/r0188_tau5_alpha0p8_sigma1_beta0p15_bpe400.out,sweeps/20260201_214318/logs/r0188_tau5_alpha0p8_sigma1_beta0p15_bpe400.err,2360.541,5,0.8,1.0,0.15,400,1141787.000000,213886.000000,414290.000000,2.756009,0.362844,1.936966,0.455336,2.228724,1183.000000,1141787.000000,213886.000000,424359.000000,2.690616,0.371662,1.984043,0.439332,2.175842,1189.000000,1.024304
r0191_tau5_alpha0p8_sigma1_beta0p2_bpe300,0,sweeps/20260201_214318/json/r0191_tau5_alpha0p8_sigma1_beta0p2_bpe300.json,sweeps/20260201_214318/logs/r0191_tau5_alpha0p8_sigma1_beta0p2_bpe300.out,sweeps/20260201_214318/logs/r0191_tau5_alpha0p8_sigma1_beta0p2_bpe300.err,2299.683,5,0.8,1.0,0.2,300,1141787.000000,213886.000000,414290.000000,2.756009,0.362844,1.936966,0.455336,2.228724,1183.000000,1141787.000000,213886.000000,431557.000000,2.645739,0.377966,2.017696,0.442006,2.139551,1203.000000,1.041679
r0193_tau10_alpha0p4_sigma0p4_beta0p01_bpe100,0,sweeps/20260201_214318/json/r0193_tau10_alpha0p4_sigma0p4_beta0p01_bpe100.json,sweeps/20260201_214318/logs/r0193_tau10_alpha0p4_sigma0p4_beta0p01_bpe100.out,sweeps/20260201_214318/logs/r0193_tau10_alpha0p4_sigma0p4_beta0p01_bpe100.err,2131.740,10,0.4,0.4,0.01,100,1141787.000000,213886.000000,414290.000000,2.756009,0.362844,1.936966,0.455336,2.228724,1183.000000,1141787.000000,213886.000000,466111.000000,2.449603,0.408229,2.179250,0.466323,1.980940,1196.000000,1.125084
r0192_tau5_alpha0p8_sigma1_beta0p2_bpe400,0,sweeps/20260201_214318/json/r0192_tau5_alpha0p8_sigma1_beta0p2_bpe400.json,sweeps/20260201_214318/logs/r0192_tau5_alpha0p8_sigma1_beta0p2_bpe400.out,sweeps/20260201_214318/logs/r0192_tau5_alpha0p8_sigma1_beta0p2_bpe400.err,2342.875,5,0.8,1.0,0.2,400,1141787.000000,213886.000000,414290.000000,2.756009,0.362844,1.936966,0.455336,2.228724,1183.000000,1141787.000000,213886.000000,424295.000000,2.691022,0.371606,1.983744,0.439332,2.176170,1189.000000,1.024150
r0194_tau10_alpha0p4_sigma0p4_beta0p01_bpe200,0,sweeps/20260201_214318/json/r0194_tau10_alpha0p4_sigma0p4_beta0p01_bpe200.json,sweeps/20260201_214318/logs/r0194_tau10_alpha0p4_sigma0p4_beta0p01_bpe200.out,sweeps/20260201_214318/logs/r0194_tau10_alpha0p4_sigma0p4_beta0p01_bpe200.err,2223.877,10,0.4,0.4,0.01,200,1141787.000000,213886.000000,414290.000000,2.756009,0.362844,1.936966,0.455336,2.228724,1183.000000,1141787.000000,213886.000000,441189.000000,2.587977,0.386402,2.062730,0.447855,2.092840,1191.000000,1.064928
r0195_tau10_alpha0p4_sigma0p4_beta0p01_bpe300,0,sweeps/20260201_214318/json/r0195_tau10_alpha0p4_sigma0p4_beta0p01_bpe300.json,sweeps/20260201_214318/logs/r0195_tau10_alpha0p4_sigma0p4_beta0p01_bpe300.out,sweeps/20260201_214318/logs/r0195_tau10_alpha0p4_sigma0p4_beta0p01_bpe300.err,2274.974,10,0.4,0.4,0.01,300,1141787.000000,213886.000000,414290.000000,2.756009,0.362844,1.936966,0.455336,2.228724,1183.000000,1141787.000000,213886.000000,432677.000000,2.638890,0.378947,2.022933,0.438813,2.134012,1202.000000,1.044382
r0197_tau10_alpha0p4_sigma0p4_beta0p1_bpe100,0,sweeps/20260201_214318/json/r0197_tau10_alpha0p4_sigma0p4_beta0p1_bpe100.json,sweeps/20260201_214318/logs/r0197_tau10_alpha0p4_sigma0p4_beta0p1_bpe100.out,sweeps/20260201_214318/logs/r0197_tau10_alpha0p4_sigma0p4_beta0p1_bpe100.err,2151.010,10,0.4,0.4,0.1,100,1141787.000000,213886.000000,414290.000000,2.756009,0.362844,1.936966,0.455336,2.228724,1183.000000,1141787.000000,213886.000000,465283.000000,2.453962,0.407504,2.175378,0.466449,1.984465,1197.000000,1.123085
r0198_tau10_alpha0p4_sigma0p4_beta0p1_bpe200,0,sweeps/20260201_214318/json/r0198_tau10_alpha0p4_sigma0p4_beta0p1_bpe200.json,sweeps/20260201_214318/logs/r0198_tau10_alpha0p4_sigma0p4_beta0p1_bpe200.out,sweeps/20260201_214318/logs/r0198_tau10_alpha0p4_sigma0p4_beta0p1_bpe200.err,2209.610,10,0.4,0.4,0.1,200,1141787.000000,213886.000000,414290.000000,2.756009,0.362844,1.936966,0.455336,2.228724,1183.000000,1141787.000000,213886.000000,441357.000000,2.586992,0.386549,2.063515,0.447173,2.092043,1193.000000,1.065333
r0196_tau10_alpha0p4_sigma0p4_beta0p01_bpe400,0,sweeps/20260201_214318/json/r0196_tau10_alpha0p4_sigma0p4_beta0p01_bpe400.json,sweeps/20260201_214318/logs/r0196_tau10_alpha0p4_sigma0p4_beta0p01_bpe400.out,sweeps/20260201_214318/logs/r0196_tau10_alpha0p4_sigma0p4_beta0p01_bpe400.err,2384.895,10,0.4,0.4,0.01,400,1141787.000000,213886.000000,414290.000000,2.756009,0.362844,1.936966,0.455336,2.228724,1183.000000,1141787.000000,213886.000000,424994.000000,2.686596,0.372218,1.987012,0.436560,2.172591,1195.000000,1.025837
r0201_tau10_alpha0p4_sigma0p4_beta0p15_bpe100,0,sweeps/20260201_214318/json/r0201_tau10_alpha0p4_sigma0p4_beta0p15_bpe100.json,sweeps/20260201_214318/logs/r0201_tau10_alpha0p4_sigma0p4_beta0p15_bpe100.out,sweeps/20260201_214318/logs/r0201_tau10_alpha0p4_sigma0p4_beta0p15_bpe100.err,2154.325,10,0.4,0.4,0.15,100,1141787.000000,213886.000000,414290.000000,2.756009,0.362844,1.936966,0.455336,2.228724,1183.000000,1141787.000000,213886.000000,465289.000000,2.453931,0.407509,2.175407,0.465098,1.984440,1197.000000,1.123100
r0199_tau10_alpha0p4_sigma0p4_beta0p1_bpe300,0,sweeps/20260201_214318/json/r0199_tau10_alpha0p4_sigma0p4_beta0p1_bpe300.json,sweeps/20260201_214318/logs/r0199_tau10_alpha0p4_sigma0p4_beta0p1_bpe300.out,sweeps/20260201_214318/logs/r0199_tau10_alpha0p4_sigma0p4_beta0p1_bpe300.err,2304.835,10,0.4,0.4,0.1,300,1141787.000000,213886.000000,414290.000000,2.756009,0.362844,1.936966,0.455336,2.228724,1183.000000,1141787.000000,213886.000000,432579.000000,2.639488,0.378861,2.022475,0.440202,2.134496,1200.000000,1.044145
r0205_tau10_alpha0p4_sigma0p4_beta0p2_bpe100,0,sweeps/20260201_214318/json/r0205_tau10_alpha0p4_sigma0p4_beta0p2_bpe100.json,sweeps/20260201_214318/logs/r0205_tau10_alpha0p4_sigma0p4_beta0p2_bpe100.out,sweeps/20260201_214318/logs/r0205_tau10_alpha0p4_sigma0p4_beta0p2_bpe100.err,2129.980,10,0.4,0.4,0.2,100,1141787.000000,213886.000000,414290.000000,2.756009,0.362844,1.936966,0.455336,2.228724,1183.000000,1141787.000000,213886.000000,465124.000000,2.454801,0.407365,2.174635,0.465290,1.985144,1197.000000,1.122701
r0202_tau10_alpha0p4_sigma0p4_beta0p15_bpe200,0,sweeps/20260201_214318/json/r0202_tau10_alpha0p4_sigma0p4_beta0p15_bpe200.json,sweeps/20260201_214318/logs/r0202_tau10_alpha0p4_sigma0p4_beta0p15_bpe200.out,sweeps/20260201_214318/logs/r0202_tau10_alpha0p4_sigma0p4_beta0p15_bpe200.err,2214.416,10,0.4,0.4,0.15,200,1141787.000000,213886.000000,414290.000000,2.756009,0.362844,1.936966,0.455336,2.228724,1183.000000,1141787.000000,213886.000000,441465.000000,2.586359,0.386644,2.064020,0.447276,2.091532,1191.000000,1.065594
r0203_tau10_alpha0p4_sigma0p4_beta0p15_bpe300,0,sweeps/20260201_214318/json/r0203_tau10_alpha0p4_sigma0p4_beta0p15_bpe300.json,sweeps/20260201_214318/logs/r0203_tau10_alpha0p4_sigma0p4_beta0p15_bpe300.out,sweeps/20260201_214318/logs/r0203_tau10_alpha0p4_sigma0p4_beta0p15_bpe300.err,2275.027,10,0.4,0.4,0.15,300,1141787.000000,213886.000000,414290.000000,2.756009,0.362844,1.936966,0.455336,2.228724,1183.000000,1141787.000000,213886.000000,432634.000000,2.639152,0.378910,2.022732,0.439739,2.134224,1200.000000,1.044278
r0200_tau10_alpha0p4_sigma0p4_beta0p1_bpe400,0,sweeps/20260201_214318/json/r0200_tau10_alpha0p4_sigma0p4_beta0p1_bpe400.json,sweeps/20260201_214318/logs/r0200_tau10_alpha0p4_sigma0p4_beta0p1_bpe400.out,sweeps/20260201_214318/logs/r0200_tau10_alpha0p4_sigma0p4_beta0p1_bpe400.err,2410.102,10,0.4,0.4,0.1,400,1141787.000000,213886.000000,414290.000000,2.756009,0.362844,1.936966,0.455336,2.228724,1183.000000,1141787.000000,213886.000000,425260.000000,2.684915,0.372451,1.988255,0.437448,2.171232,1193.000000,1.026479
r0206_tau10_alpha0p4_sigma0p4_beta0p2_bpe200,0,sweeps/20260201_214318/json/r0206_tau10_alpha0p4_sigma0p4_beta0p2_bpe200.json,sweeps/20260201_214318/logs/r0206_tau10_alpha0p4_sigma0p4_beta0p2_bpe200.out,sweeps/20260201_214318/logs/r0206_tau10_alpha0p4_sigma0p4_beta0p2_bpe200.err,2191.676,10,0.4,0.4,0.2,200,1141787.000000,213886.000000,414290.000000,2.756009,0.362844,1.936966,0.455336,2.228724,1183.000000,1141787.000000,213886.000000,441486.000000,2.586236,0.386662,2.064118,0.447299,2.091432,1191.000000,1.065645
r0204_tau10_alpha0p4_sigma0p4_beta0p15_bpe400,0,sweeps/20260201_214318/json/r0204_tau10_alpha0p4_sigma0p4_beta0p15_bpe400.json,sweeps/20260201_214318/logs/r0204_tau10_alpha0p4_sigma0p4_beta0p15_bpe400.out,sweeps/20260201_214318/logs/r0204_tau10_alpha0p4_sigma0p4_beta0p15_bpe400.err,2390.857,10,0.4,0.4,0.15,400,1141787.000000,213886.000000,414290.000000,2.756009,0.362844,1.936966,0.455336,2.228724,1183.000000,1141787.000000,213886.000000,425199.000000,2.685300,0.372398,1.987970,0.437373,2.171543,1193.000000,1.026332
r0207_tau10_alpha0p4_sigma0p4_beta0p2_bpe300,0,sweeps/20260201_214318/json/r0207_tau10_alpha0p4_sigma0p4_beta0p2_bpe300.json,sweeps/20260201_214318/logs/r0207_tau10_alpha0p4_sigma0p4_beta0p2_bpe300.out,sweeps/20260201_214318/logs/r0207_tau10_alpha0p4_sigma0p4_beta0p2_bpe300.err,2316.211,10,0.4,0.4,0.2,300,1141787.000000,213886.000000,414290.000000,2.756009,0.362844,1.936966,0.455336,2.228724,1183.000000,1141787.000000,213886.000000,432398.000000,2.640593,0.378703,2.021628,0.439716,2.135389,1199.000000,1.043709
r0209_tau10_alpha0p4_sigma0p6_beta0p01_bpe100,0,sweeps/20260201_214318/json/r0209_tau10_alpha0p4_sigma0p6_beta0p01_bpe100.json,sweeps/20260201_214318/logs/r0209_tau10_alpha0p4_sigma0p6_beta0p01_bpe100.out,sweeps/20260201_214318/logs/r0209_tau10_alpha0p4_sigma0p6_beta0p01_bpe100.err,2134.127,10,0.4,0.6,0.01,100,1141787.000000,213886.000000,414290.000000,2.756009,0.362844,1.936966,0.455336,2.228724,1183.000000,1141787.000000,213886.000000,466111.000000,2.449603,0.408229,2.179250,0.466323,1.980940,1196.000000,1.125084
r0208_tau10_alpha0p4_sigma0p4_beta0p2_bpe400,0,sweeps/20260201_214318/json/r0208_tau10_alpha0p4_sigma0p4_beta0p2_bpe400.json,sweeps/20260201_214318/logs/r0208_tau10_alpha0p4_sigma0p4_beta0p2_bpe400.out,sweeps/20260201_214318/logs/r0208_tau10_alpha0p4_sigma0p4_beta0p2_bpe400.err,2330.887,10,0.4,0.4,0.2,400,1141787.000000,213886.000000,414290.000000,2.756009,0.362844,1.936966,0.455336,2.228724,1183.000000,1141787.000000,213886.000000,425100.000000,2.685926,0.372311,1.987507,0.438098,2.172049,1194.000000,1.026093
r0210_tau10_alpha0p4_sigma0p6_beta0p01_bpe200,0,sweeps/20260201_214318/json/r0210_tau10_alpha0p4_sigma0p6_beta0p01_bpe200.json,sweeps/20260201_214318/logs/r0210_tau10_alpha0p4_sigma0p6_beta0p01_bpe200.out,sweeps/20260201_214318/logs/r0210_tau10_alpha0p4_sigma0p6_beta0p01_bpe200.err,2210.122,10,0.4,0.6,0.01,200,1141787.000000,213886.000000,414290.000000,2.756009,0.362844,1.936966,0.455336,2.228724,1183.000000,1141787.000000,213886.000000,441189.000000,2.587977,0.386402,2.062730,0.447855,2.092840,1191.000000,1.064928
r0211_tau10_alpha0p4_sigma0p6_beta0p01_bpe300,0,sweeps/20260201_214318/json/r0211_tau10_alpha0p4_sigma0p6_beta0p01_bpe300.json,sweeps/20260201_214318/logs/r0211_tau10_alpha0p4_sigma0p6_beta0p01_bpe300.out,sweeps/20260201_214318/logs/r0211_tau10_alpha0p4_sigma0p6_beta0p01_bpe300.err,2246.261,10,0.4,0.6,0.01,300,1141787.000000,213886.000000,414290.000000,2.756009,0.362844,1.936966,0.455336,2.228724,1183.000000,1141787.000000,213886.000000,432677.000000,2.638890,0.378947,2.022933,0.438813,2.134012,1202.000000,1.044382
r0213_tau10_alpha0p4_sigma0p6_beta0p1_bpe100,0,sweeps/20260201_214318/json/r0213_tau10_alpha0p4_sigma0p6_beta0p1_bpe100.json,sweeps/20260201_214318/logs/r0213_tau10_alpha0p4_sigma0p6_beta0p1_bpe100.out,sweeps/20260201_214318/logs/r0213_tau10_alpha0p4_sigma0p6_beta0p1_bpe100.err,2195.625,10,0.4,0.6,0.1,100,1141787.000000,213886.000000,414290.000000,2.756009,0.362844,1.936966,0.455336,2.228724,1183.000000,1141787.000000,213886.000000,465283.000000,2.453962,0.407504,2.175378,0.466449,1.984465,1197.000000,1.123085
r0214_tau10_alpha0p4_sigma0p6_beta0p1_bpe200,0,sweeps/20260201_214318/json/r0214_tau10_alpha0p4_sigma0p6_beta0p1_bpe200.json,sweeps/20260201_214318/logs/r0214_tau10_alpha0p4_sigma0p6_beta0p1_bpe200.out,sweeps/20260201_214318/logs/r0214_tau10_alpha0p4_sigma0p6_beta0p1_bpe200.err,2248.017,10,0.4,0.6,0.1,200,1141787.000000,213886.000000,414290.000000,2.756009,0.362844,1.936966,0.455336,2.228724,1183.000000,1141787.000000,213886.000000,441357.000000,2.586992,0.386549,2.063515,0.447173,2.092043,1193.000000,1.065333
r0212_tau10_alpha0p4_sigma0p6_beta0p01_bpe400,0,sweeps/20260201_214318/json/r0212_tau10_alpha0p4_sigma0p6_beta0p01_bpe400.json,sweeps/20260201_214318/logs/r0212_tau10_alpha0p4_sigma0p6_beta0p01_bpe400.out,sweeps/20260201_214318/logs/r0212_tau10_alpha0p4_sigma0p6_beta0p01_bpe400.err,2375.710,10,0.4,0.6,0.01,400,1141787.000000,213886.000000,414290.000000,2.756009,0.362844,1.936966,0.455336,2.228724,1183.000000,1141787.000000,213886.000000,424994.000000,2.686596,0.372218,1.987012,0.436560,2.172591,1195.000000,1.025837
r0217_tau10_alpha0p4_sigma0p6_beta0p15_bpe100,0,sweeps/20260201_214318/json/r0217_tau10_alpha0p4_sigma0p6_beta0p15_bpe100.json,sweeps/20260201_214318/logs/r0217_tau10_alpha0p4_sigma0p6_beta0p15_bpe100.out,sweeps/20260201_214318/logs/r0217_tau10_alpha0p4_sigma0p6_beta0p15_bpe100.err,2136.444,10,0.4,0.6,0.15,100,1141787.000000,213886.000000,414290.000000,2.756009,0.362844,1.936966,0.455336,2.228724,1183.000000,1141787.000000,213886.000000,465289.000000,2.453931,0.407509,2.175407,0.465098,1.984440,1197.000000,1.123100
r0215_tau10_alpha0p4_sigma0p6_beta0p1_bpe300,0,sweeps/20260201_214318/json/r0215_tau10_alpha0p4_sigma0p6_beta0p1_bpe300.json,sweeps/20260201_214318/logs/r0215_tau10_alpha0p4_sigma0p6_beta0p1_bpe300.out,sweeps/20260201_214318/logs/r0215_tau10_alpha0p4_sigma0p6_beta0p1_bpe300.err,2311.167,10,0.4,0.6,0.1,300,1141787.000000,213886.000000,414290.000000,2.756009,0.362844,1.936966,0.455336,2.228724,1183.000000,1141787.000000,213886.000000,432579.000000,2.639488,0.378861,2.022475,0.440202,2.134496,1200.000000,1.044145
r0218_tau10_alpha0p4_sigma0p6_beta0p15_bpe200,0,sweeps/20260201_214318/json/r0218_tau10_alpha0p4_sigma0p6_beta0p15_bpe200.json,sweeps/20260201_214318/logs/r0218_tau10_alpha0p4_sigma0p6_beta0p15_bpe200.out,sweeps/20260201_214318/logs/r0218_tau10_alpha0p4_sigma0p6_beta0p15_bpe200.err,2207.839,10,0.4,0.6,0.15,200,1141787.000000,213886.000000,414290.000000,2.756009,0.362844,1.936966,0.455336,2.228724,1183.000000,1141787.000000,213886.000000,441465.000000,2.586359,0.386644,2.064020,0.447276,2.091532,1191.000000,1.065594
r0221_tau10_alpha0p4_sigma0p6_beta0p2_bpe100,0,sweeps/20260201_214318/json/r0221_tau10_alpha0p4_sigma0p6_beta0p2_bpe100.json,sweeps/20260201_214318/logs/r0221_tau10_alpha0p4_sigma0p6_beta0p2_bpe100.out,sweeps/20260201_214318/logs/r0221_tau10_alpha0p4_sigma0p6_beta0p2_bpe100.err,2129.296,10,0.4,0.6,0.2,100,1141787.000000,213886.000000,414290.000000,2.756009,0.362844,1.936966,0.455336,2.228724,1183.000000,1141787.000000,213886.000000,465130.000000,2.454770,0.407370,2.174663,0.464411,1.985118,1198.000000,1.122716
r0216_tau10_alpha0p4_sigma0p6_beta0p1_bpe400,0,sweeps/20260201_214318/json/r0216_tau10_alpha0p4_sigma0p6_beta0p1_bpe400.json,sweeps/20260201_214318/logs/r0216_tau10_alpha0p4_sigma0p6_beta0p1_bpe400.out,sweeps/20260201_214318/logs/r0216_tau10_alpha0p4_sigma0p6_beta0p1_bpe400.err,2378.593,10,0.4,0.6,0.1,400,1141787.000000,213886.000000,414290.000000,2.756009,0.362844,1.936966,0.455336,2.228724,1183.000000,1141787.000000,213886.000000,425260.000000,2.684915,0.372451,1.988255,0.437448,2.171232,1193.000000,1.026479
r0219_tau10_alpha0p4_sigma0p6_beta0p15_bpe300,0,sweeps/20260201_214318/json/r0219_tau10_alpha0p4_sigma0p6_beta0p15_bpe300.json,sweeps/20260201_214318/logs/r0219_tau10_alpha0p4_sigma0p6_beta0p15_bpe300.out,sweeps/20260201_214318/logs/r0219_tau10_alpha0p4_sigma0p6_beta0p15_bpe300.err,2325.674,10,0.4,0.6,0.15,300,1141787.000000,213886.000000,414290.000000,2.756009,0.362844,1.936966,0.455336,2.228724,1183.000000,1141787.000000,213886.000000,432634.000000,2.639152,0.378910,2.022732,0.439739,2.134224,1200.000000,1.044278
r0220_tau10_alpha0p4_sigma0p6_beta0p15_bpe400,0,sweeps/20260201_214318/json/r0220_tau10_alpha0p4_sigma0p6_beta0p15_bpe400.json,sweeps/20260201_214318/logs/r0220_tau10_alpha0p4_sigma0p6_beta0p15_bpe400.out,sweeps/20260201_214318/logs/r0220_tau10_alpha0p4_sigma0p6_beta0p15_bpe400.err,2352.490,10,0.4,0.6,0.15,400,1141787.000000,213886.000000,414290.000000,2.756009,0.362844,1.936966,0.455336,2.228724,1183.000000,1141787.000000,213886.000000,425199.000000,2.685300,0.372398,1.987970,0.437373,2.171543,1193.000000,1.026332
r0222_tau10_alpha0p4_sigma0p6_beta0p2_bpe200,0,sweeps/20260201_214318/json/r0222_tau10_alpha0p4_sigma0p6_beta0p2_bpe200.json,sweeps/20260201_214318/logs/r0222_tau10_alpha0p4_sigma0p6_beta0p2_bpe200.out,sweeps/20260201_214318/logs/r0222_tau10_alpha0p4_sigma0p6_beta0p2_bpe200.err,2236.279,10,0.4,0.6,0.2,200,1141787.000000,213886.000000,414290.000000,2.756009,0.362844,1.936966,0.455336,2.228724,1183.000000,1141787.000000,213886.000000,441486.000000,2.586236,0.386662,2.064118,0.447299,2.091432,1191.000000,1.065645
r0223_tau10_alpha0p4_sigma0p6_beta0p2_bpe300,0,sweeps/20260201_214318/json/r0223_tau10_alpha0p4_sigma0p6_beta0p2_bpe300.json,sweeps/20260201_214318/logs/r0223_tau10_alpha0p4_sigma0p6_beta0p2_bpe300.out,sweeps/20260201_214318/logs/r0223_tau10_alpha0p4_sigma0p6_beta0p2_bpe300.err,2266.026,10,0.4,0.6,0.2,300,1141787.000000,213886.000000,414290.000000,2.756009,0.362844,1.936966,0.455336,2.228724,1183.000000,1141787.000000,213886.000000,432398.000000,2.640593,0.378703,2.021628,0.439716,2.135389,1199.000000,1.043709
r0225_tau10_alpha0p4_sigma0p8_beta0p01_bpe100,0,sweeps/20260201_214318/json/r0225_tau10_alpha0p4_sigma0p8_beta0p01_bpe100.json,sweeps/20260201_214318/logs/r0225_tau10_alpha0p4_sigma0p8_beta0p01_bpe100.out,sweeps/20260201_214318/logs/r0225_tau10_alpha0p4_sigma0p8_beta0p01_bpe100.err,2157.003,10,0.4,0.8,0.01,100,1141787.000000,213886.000000,414290.000000,2.756009,0.362844,1.936966,0.455336,2.228724,1183.000000,1141787.000000,213886.000000,466111.000000,2.449603,0.408229,2.179250,0.466323,1.980940,1196.000000,1.125084
r0224_tau10_alpha0p4_sigma0p6_beta0p2_bpe400,0,sweeps/20260201_214318/json/r0224_tau10_alpha0p4_sigma0p6_beta0p2_bpe400.json,sweeps/20260201_214318/logs/r0224_tau10_alpha0p4_sigma0p6_beta0p2_bpe400.out,sweeps/20260201_214318/logs/r0224_tau10_alpha0p4_sigma0p6_beta0p2_bpe400.err,2348.603,10,0.4,0.6,0.2,400,1141787.000000,213886.000000,414290.000000,2.756009,0.362844,1.936966,0.455336,2.228724,1183.000000,1141787.000000,213886.000000,425100.000000,2.685926,0.372311,1.987507,0.438098,2.172049,1194.000000,1.026093
r0226_tau10_alpha0p4_sigma0p8_beta0p01_bpe200,0,sweeps/20260201_214318/json/r0226_tau10_alpha0p4_sigma0p8_beta0p01_bpe200.json,sweeps/20260201_214318/logs/r0226_tau10_alpha0p4_sigma0p8_beta0p01_bpe200.out,sweeps/20260201_214318/logs/r0226_tau10_alpha0p4_sigma0p8_beta0p01_bpe200.err,2219.971,10,0.4,0.8,0.01,200,1141787.000000,213886.000000,414290.000000,2.756009,0.362844,1.936966,0.455336,2.228724,1183.000000,1141787.000000,213886.000000,441189.000000,2.587977,0.386402,2.062730,0.447855,2.092840,1191.000000,1.064928
r0227_tau10_alpha0p4_sigma0p8_beta0p01_bpe300,0,sweeps/20260201_214318/json/r0227_tau10_alpha0p4_sigma0p8_beta0p01_bpe300.json,sweeps/20260201_214318/logs/r0227_tau10_alpha0p4_sigma0p8_beta0p01_bpe300.out,sweeps/20260201_214318/logs/r0227_tau10_alpha0p4_sigma0p8_beta0p01_bpe300.err,2251.181,10,0.4,0.8,0.01,300,1141787.000000,213886.000000,414290.000000,2.756009,0.362844,1.936966,0.455336,2.228724,1183.000000,1141787.000000,213886.000000,432677.000000,2.638890,0.378947,2.022933,0.438813,2.134012,1202.000000,1.044382
r0229_tau10_alpha0p4_sigma0p8_beta0p1_bpe100,0,sweeps/20260201_214318/json/r0229_tau10_alpha0p4_sigma0p8_beta0p1_bpe100.json,sweeps/20260201_214318/logs/r0229_tau10_alpha0p4_sigma0p8_beta0p1_bpe100.out,sweeps/20260201_214318/logs/r0229_tau10_alpha0p4_sigma0p8_beta0p1_bpe100.err,2156.468,10,0.4,0.8,0.1,100,1141787.000000,213886.000000,414290.000000,2.756009,0.362844,1.936966,0.455336,2.228724,1183.000000,1141787.000000,213886.000000,465283.000000,2.453962,0.407504,2.175378,0.466449,1.984465,1197.000000,1.123085
r0233_tau10_alpha0p4_sigma0p8_beta0p15_bpe100,0,sweeps/20260201_214318/json/r0233_tau10_alpha0p4_sigma0p8_beta0p15_bpe100.json,sweeps/20260201_214318/logs/r0233_tau10_alpha0p4_sigma0p8_beta0p15_bpe100.out,sweeps/20260201_214318/logs/r0233_tau10_alpha0p4_sigma0p8_beta0p15_bpe100.err,2143.783,10,0.4,0.8,0.15,100,1141787.000000,213886.000000,414290.000000,2.756009,0.362844,1.936966,0.455336,2.228724,1183.000000,1141787.000000,213886.000000,465289.000000,2.453931,0.407509,2.175407,0.465098,1.984440,1197.000000,1.123100
r0228_tau10_alpha0p4_sigma0p8_beta0p01_bpe400,0,sweeps/20260201_214318/json/r0228_tau10_alpha0p4_sigma0p8_beta0p01_bpe400.json,sweeps/20260201_214318/logs/r0228_tau10_alpha0p4_sigma0p8_beta0p01_bpe400.out,sweeps/20260201_214318/logs/r0228_tau10_alpha0p4_sigma0p8_beta0p01_bpe400.err,2332.500,10,0.4,0.8,0.01,400,1141787.000000,213886.000000,414290.000000,2.756009,0.362844,1.936966,0.455336,2.228724,1183.000000,1141787.000000,213886.000000,424994.000000,2.686596,0.372218,1.987012,0.436560,2.172591,1195.000000,1.025837
r0230_tau10_alpha0p4_sigma0p8_beta0p1_bpe200,0,sweeps/20260201_214318/json/r0230_tau10_alpha0p4_sigma0p8_beta0p1_bpe200.json,sweeps/20260201_214318/logs/r0230_tau10_alpha0p4_sigma0p8_beta0p1_bpe200.out,sweeps/20260201_214318/logs/r0230_tau10_alpha0p4_sigma0p8_beta0p1_bpe200.err,2246.720,10,0.4,0.8,0.1,200,1141787.000000,213886.000000,414290.000000,2.756009,0.362844,1.936966,0.455336,2.228724,1183.000000,1141787.000000,213886.000000,441357.000000,2.586992,0.386549,2.063515,0.447173,2.092043,1193.000000,1.065333
r0231_tau10_alpha0p4_sigma0p8_beta0p1_bpe300,0,sweeps/20260201_214318/json/r0231_tau10_alpha0p4_sigma0p8_beta0p1_bpe300.json,sweeps/20260201_214318/logs/r0231_tau10_alpha0p4_sigma0p8_beta0p1_bpe300.out,sweeps/20260201_214318/logs/r0231_tau10_alpha0p4_sigma0p8_beta0p1_bpe300.err,2276.370,10,0.4,0.8,0.1,300,1141787.000000,213886.000000,414290.000000,2.756009,0.362844,1.936966,0.455336,2.228724,1183.000000,1141787.000000,213886.000000,432579.000000,2.639488,0.378861,2.022475,0.440202,2.134496,1200.000000,1.044145
r0234_tau10_alpha0p4_sigma0p8_beta0p15_bpe200,0,sweeps/20260201_214318/json/r0234_tau10_alpha0p4_sigma0p8_beta0p15_bpe200.json,sweeps/20260201_214318/logs/r0234_tau10_alpha0p4_sigma0p8_beta0p15_bpe200.out,sweeps/20260201_214318/logs/r0234_tau10_alpha0p4_sigma0p8_beta0p15_bpe200.err,2234.819,10,0.4,0.8,0.15,200,1141787.000000,213886.000000,414290.000000,2.756009,0.362844,1.936966,0.455336,2.228724,1183.000000,1141787.000000,213886.000000,441465.000000,2.586359,0.386644,2.064020,0.447276,2.091532,1191.000000,1.065594
r0232_tau10_alpha0p4_sigma0p8_beta0p1_bpe400,0,sweeps/20260201_214318/json/r0232_tau10_alpha0p4_sigma0p8_beta0p1_bpe400.json,sweeps/20260201_214318/logs/r0232_tau10_alpha0p4_sigma0p8_beta0p1_bpe400.out,sweeps/20260201_214318/logs/r0232_tau10_alpha0p4_sigma0p8_beta0p1_bpe400.err,2397.699,10,0.4,0.8,0.1,400,1141787.000000,213886.000000,414290.000000,2.756009,0.362844,1.936966,0.455336,2.228724,1183.000000,1141787.000000,213886.000000,425260.000000,2.684915,0.372451,1.988255,0.437448,2.171232,1193.000000,1.026479
r0237_tau10_alpha0p4_sigma0p8_beta0p2_bpe100,0,sweeps/20260201_214318/json/r0237_tau10_alpha0p4_sigma0p8_beta0p2_bpe100.json,sweeps/20260201_214318/logs/r0237_tau10_alpha0p4_sigma0p8_beta0p2_bpe100.out,sweeps/20260201_214318/logs/r0237_tau10_alpha0p4_sigma0p8_beta0p2_bpe100.err,2166.695,10,0.4,0.8,0.2,100,1141787.000000,213886.000000,414290.000000,2.756009,0.362844,1.936966,0.455336,2.228724,1183.000000,1141787.000000,213886.000000,465130.000000,2.454770,0.407370,2.174663,0.464411,1.985118,1198.000000,1.122716
r0235_tau10_alpha0p4_sigma0p8_beta0p15_bpe300,0,sweeps/20260201_214318/json/r0235_tau10_alpha0p4_sigma0p8_beta0p15_bpe300.json,sweeps/20260201_214318/logs/r0235_tau10_alpha0p4_sigma0p8_beta0p15_bpe300.out,sweeps/20260201_214318/logs/r0235_tau10_alpha0p4_sigma0p8_beta0p15_bpe300.err,2286.269,10,0.4,0.8,0.15,300,1141787.000000,213886.000000,414290.000000,2.756009,0.362844,1.936966,0.455336,2.228724,1183.000000,1141787.000000,213886.000000,432634.000000,2.639152,0.378910,2.022732,0.439739,2.134224,1200.000000,1.044278
r0238_tau10_alpha0p4_sigma0p8_beta0p2_bpe200,0,sweeps/20260201_214318/json/r0238_tau10_alpha0p4_sigma0p8_beta0p2_bpe200.json,sweeps/20260201_214318/logs/r0238_tau10_alpha0p4_sigma0p8_beta0p2_bpe200.out,sweeps/20260201_214318/logs/r0238_tau10_alpha0p4_sigma0p8_beta0p2_bpe200.err,2172.759,10,0.4,0.8,0.2,200,1141787.000000,213886.000000,414290.000000,2.756009,0.362844,1.936966,0.455336,2.228724,1183.000000,1141787.000000,213886.000000,441486.000000,2.586236,0.386662,2.064118,0.447299,2.091432,1191.000000,1.065645
r0236_tau10_alpha0p4_sigma0p8_beta0p15_bpe400,0,sweeps/20260201_214318/json/r0236_tau10_alpha0p4_sigma0p8_beta0p15_bpe400.json,sweeps/20260201_214318/logs/r0236_tau10_alpha0p4_sigma0p8_beta0p15_bpe400.out,sweeps/20260201_214318/logs/r0236_tau10_alpha0p4_sigma0p8_beta0p15_bpe400.err,2403.355,10,0.4,0.8,0.15,400,1141787.000000,213886.000000,414290.000000,2.756009,0.362844,1.936966,0.455336,2.228724,1183.000000,1141787.000000,213886.000000,425199.000000,2.685300,0.372398,1.987970,0.437373,2.171543,1193.000000,1.026332
r0239_tau10_alpha0p4_sigma0p8_beta0p2_bpe300,0,sweeps/20260201_214318/json/r0239_tau10_alpha0p4_sigma0p8_beta0p2_bpe300.json,sweeps/20260201_214318/logs/r0239_tau10_alpha0p4_sigma0p8_beta0p2_bpe300.out,sweeps/20260201_214318/logs/r0239_tau10_alpha0p4_sigma0p8_beta0p2_bpe300.err,2296.708,10,0.4,0.8,0.2,300,1141787.000000,213886.000000,414290.000000,2.756009,0.362844,1.936966,0.455336,2.228724,1183.000000,1141787.000000,213886.000000,432398.000000,2.640593,0.378703,2.021628,0.439716,2.135389,1199.000000,1.043709
r0241_tau10_alpha0p4_sigma1_beta0p01_bpe100,0,sweeps/20260201_214318/json/r0241_tau10_alpha0p4_sigma1_beta0p01_bpe100.json,sweeps/20260201_214318/logs/r0241_tau10_alpha0p4_sigma1_beta0p01_bpe100.out,sweeps/20260201_214318/logs/r0241_tau10_alpha0p4_sigma1_beta0p01_bpe100.err,2171.202,10,0.4,1.0,0.01,100,1141787.000000,213886.000000,414290.000000,2.756009,0.362844,1.936966,0.455336,2.228724,1183.000000,1141787.000000,213886.000000,466111.000000,2.449603,0.408229,2.179250,0.466323,1.980940,1196.000000,1.125084
r0240_tau10_alpha0p4_sigma0p8_beta0p2_bpe400,0,sweeps/20260201_214318/json/r0240_tau10_alpha0p4_sigma0p8_beta0p2_bpe400.json,sweeps/20260201_214318/logs/r0240_tau10_alpha0p4_sigma0p8_beta0p2_bpe400.out,sweeps/20260201_214318/logs/r0240_tau10_alpha0p4_sigma0p8_beta0p2_bpe400.err,2339.821,10,0.4,0.8,0.2,400,1141787.000000,213886.000000,414290.000000,2.756009,0.362844,1.936966,0.455336,2.228724,1183.000000,1141787.000000,213886.000000,425100.000000,2.685926,0.372311,1.987507,0.438098,2.172049,1194.000000,1.026093
r0242_tau10_alpha0p4_sigma1_beta0p01_bpe200,0,sweeps/20260201_214318/json/r0242_tau10_alpha0p4_sigma1_beta0p01_bpe200.json,sweeps/20260201_214318/logs/r0242_tau10_alpha0p4_sigma1_beta0p01_bpe200.out,sweeps/20260201_214318/logs/r0242_tau10_alpha0p4_sigma1_beta0p01_bpe200.err,2244.594,10,0.4,1.0,0.01,200,1141787.000000,213886.000000,414290.000000,2.756009,0.362844,1.936966,0.455336,2.228724,1183.000000,1141787.000000,213886.000000,441189.000000,2.587977,0.386402,2.062730,0.447855,2.092840,1191.000000,1.064928
r0243_tau10_alpha0p4_sigma1_beta0p01_bpe300,0,sweeps/20260201_214318/json/r0243_tau10_alpha0p4_sigma1_beta0p01_bpe300.json,sweeps/20260201_214318/logs/r0243_tau10_alpha0p4_sigma1_beta0p01_bpe300.out,sweeps/20260201_214318/logs/r0243_tau10_alpha0p4_sigma1_beta0p01_bpe300.err,2298.347,10,0.4,1.0,0.01,300,1141787.000000,213886.000000,414290.000000,2.756009,0.362844,1.936966,0.455336,2.228724,1183.000000,1141787.000000,213886.000000,432677.000000,2.638890,0.378947,2.022933,0.438813,2.134012,1202.000000,1.044382
r0245_tau10_alpha0p4_sigma1_beta0p1_bpe100,0,sweeps/20260201_214318/json/r0245_tau10_alpha0p4_sigma1_beta0p1_bpe100.json,sweeps/20260201_214318/logs/r0245_tau10_alpha0p4_sigma1_beta0p1_bpe100.out,sweeps/20260201_214318/logs/r0245_tau10_alpha0p4_sigma1_beta0p1_bpe100.err,2161.330,10,0.4,1.0,0.1,100,1141787.000000,213886.000000,414290.000000,2.756009,0.362844,1.936966,0.455336,2.228724,1183.000000,1141787.000000,213886.000000,465283.000000,2.453962,0.407504,2.175378,0.466449,1.984465,1197.000000,1.123085
r0246_tau10_alpha0p4_sigma1_beta0p1_bpe200,0,sweeps/20260201_214318/json/r0246_tau10_alpha0p4_sigma1_beta0p1_bpe200.json,sweeps/20260201_214318/logs/r0246_tau10_alpha0p4_sigma1_beta0p1_bpe200.out,sweeps/20260201_214318/logs/r0246_tau10_alpha0p4_sigma1_beta0p1_bpe200.err,2184.515,10,0.4,1.0,0.1,200,1141787.000000,213886.000000,414290.000000,2.756009,0.362844,1.936966,0.455336,2.228724,1183.000000,1141787.000000,213886.000000,441357.000000,2.586992,0.386549,2.063515,0.447173,2.092043,1193.000000,1.065333
r0249_tau10_alpha0p4_sigma1_beta0p15_bpe100,0,sweeps/20260201_214318/json/r0249_tau10_alpha0p4_sigma1_beta0p15_bpe100.json,sweeps/20260201_214318/logs/r0249_tau10_alpha0p4_sigma1_beta0p15_bpe100.out,sweeps/20260201_214318/logs/r0249_tau10_alpha0p4_sigma1_beta0p15_bpe100.err,2152.521,10,0.4,1.0,0.15,100,1141787.000000,213886.000000,414290.000000,2.756009,0.362844,1.936966,0.455336,2.228724,1183.000000,1141787.000000,213886.000000,465289.000000,2.453931,0.407509,2.175407,0.465098,1.984440,1197.000000,1.123100
r0244_tau10_alpha0p4_sigma1_beta0p01_bpe400,0,sweeps/20260201_214318/json/r0244_tau10_alpha0p4_sigma1_beta0p01_bpe400.json,sweeps/20260201_214318/logs/r0244_tau10_alpha0p4_sigma1_beta0p01_bpe400.out,sweeps/20260201_214318/logs/r0244_tau10_alpha0p4_sigma1_beta0p01_bpe400.err,2378.884,10,0.4,1.0,0.01,400,1141787.000000,213886.000000,414290.000000,2.756009,0.362844,1.936966,0.455336,2.228724,1183.000000,1141787.000000,213886.000000,424994.000000,2.686596,0.372218,1.987012,0.436560,2.172591,1195.000000,1.025837
r0247_tau10_alpha0p4_sigma1_beta0p1_bpe300,0,sweeps/20260201_214318/json/r0247_tau10_alpha0p4_sigma1_beta0p1_bpe300.json,sweeps/20260201_214318/logs/r0247_tau10_alpha0p4_sigma1_beta0p1_bpe300.out,sweeps/20260201_214318/logs/r0247_tau10_alpha0p4_sigma1_beta0p1_bpe300.err,2287.851,10,0.4,1.0,0.1,300,1141787.000000,213886.000000,414290.000000,2.756009,0.362844,1.936966,0.455336,2.228724,1183.000000,1141787.000000,213886.000000,432579.000000,2.639488,0.378861,2.022475,0.440202,2.134496,1200.000000,1.044145
r0248_tau10_alpha0p4_sigma1_beta0p1_bpe400,0,sweeps/20260201_214318/json/r0248_tau10_alpha0p4_sigma1_beta0p1_bpe400.json,sweeps/20260201_214318/logs/r0248_tau10_alpha0p4_sigma1_beta0p1_bpe400.out,sweeps/20260201_214318/logs/r0248_tau10_alpha0p4_sigma1_beta0p1_bpe400.err,2358.594,10,0.4,1.0,0.1,400,1141787.000000,213886.000000,414290.000000,2.756009,0.362844,1.936966,0.455336,2.228724,1183.000000,1141787.000000,213886.000000,425260.000000,2.684915,0.372451,1.988255,0.437448,2.171232,1193.000000,1.026479
r0253_tau10_alpha0p4_sigma1_beta0p2_bpe100,0,sweeps/20260201_214318/json/r0253_tau10_alpha0p4_sigma1_beta0p2_bpe100.json,sweeps/20260201_214318/logs/r0253_tau10_alpha0p4_sigma1_beta0p2_bpe100.out,sweeps/20260201_214318/logs/r0253_tau10_alpha0p4_sigma1_beta0p2_bpe100.err,2153.575,10,0.4,1.0,0.2,100,1141787.000000,213886.000000,414290.000000,2.756009,0.362844,1.936966,0.455336,2.228724,1183.000000,1141787.000000,213886.000000,465130.000000,2.454770,0.407370,2.174663,0.464411,1.985118,1198.000000,1.122716
r0250_tau10_alpha0p4_sigma1_beta0p15_bpe200,0,sweeps/20260201_214318/json/r0250_tau10_alpha0p4_sigma1_beta0p15_bpe200.json,sweeps/20260201_214318/logs/r0250_tau10_alpha0p4_sigma1_beta0p15_bpe200.out,sweeps/20260201_214318/logs/r0250_tau10_alpha0p4_sigma1_beta0p15_bpe200.err,2250.443,10,0.4,1.0,0.15,200,1141787.000000,213886.000000,414290.000000,2.756009,0.362844,1.936966,0.455336,2.228724,1183.000000,1141787.000000,213886.000000,441465.000000,2.586359,0.386644,2.064020,0.447276,2.091532,1191.000000,1.065594
r0251_tau10_alpha0p4_sigma1_beta0p15_bpe300,0,sweeps/20260201_214318/json/r0251_tau10_alpha0p4_sigma1_beta0p15_bpe300.json,sweeps/20260201_214318/logs/r0251_tau10_alpha0p4_sigma1_beta0p15_bpe300.out,sweeps/20260201_214318/logs/r0251_tau10_alpha0p4_sigma1_beta0p15_bpe300.err,2296.983,10,0.4,1.0,0.15,300,1141787.000000,213886.000000,414290.000000,2.756009,0.362844,1.936966,0.455336,2.228724,1183.000000,1141787.000000,213886.000000,432634.000000,2.639152,0.378910,2.022732,0.439739,2.134224,1200.000000,1.044278
r0254_tau10_alpha0p4_sigma1_beta0p2_bpe200,0,sweeps/20260201_214318/json/r0254_tau10_alpha0p4_sigma1_beta0p2_bpe200.json,sweeps/20260201_214318/logs/r0254_tau10_alpha0p4_sigma1_beta0p2_bpe200.out,sweeps/20260201_214318/logs/r0254_tau10_alpha0p4_sigma1_beta0p2_bpe200.err,2182.628,10,0.4,1.0,0.2,200,1141787.000000,213886.000000,414290.000000,2.756009,0.362844,1.936966,0.455336,2.228724,1183.000000,1141787.000000,213886.000000,441486.000000,2.586236,0.386662,2.064118,0.447299,2.091432,1191.000000,1.065645
r0252_tau10_alpha0p4_sigma1_beta0p15_bpe400,0,sweeps/20260201_214318/json/r0252_tau10_alpha0p4_sigma1_beta0p15_bpe400.json,sweeps/20260201_214318/logs/r0252_tau10_alpha0p4_sigma1_beta0p15_bpe400.out,sweeps/20260201_214318/logs/r0252_tau10_alpha0p4_sigma1_beta0p15_bpe400.err,2372.769,10,0.4,1.0,0.15,400,1141787.000000,213886.000000,414290.000000,2.756009,0.362844,1.936966,0.455336,2.228724,1183.000000,1141787.000000,213886.000000,425199.000000,2.685300,0.372398,1.987970,0.437373,2.171543,1193.000000,1.026332
r0255_tau10_alpha0p4_sigma1_beta0p2_bpe300,0,sweeps/20260201_214318/json/r0255_tau10_alpha0p4_sigma1_beta0p2_bpe300.json,sweeps/20260201_214318/logs/r0255_tau10_alpha0p4_sigma1_beta0p2_bpe300.out,sweeps/20260201_214318/logs/r0255_tau10_alpha0p4_sigma1_beta0p2_bpe300.err,2267.794,10,0.4,1.0,0.2,300,1141787.000000,213886.000000,414290.000000,2.756009,0.362844,1.936966,0.455336,2.228724,1183.000000,1141787.000000,213886.000000,432398.000000,2.640593,0.378703,2.021628,0.439716,2.135389,1199.000000,1.043709
r0257_tau10_alpha0p6_sigma0p4_beta0p01_bpe100,0,sweeps/20260201_214318/json/r0257_tau10_alpha0p6_sigma0p4_beta0p01_bpe100.json,sweeps/20260201_214318/logs/r0257_tau10_alpha0p6_sigma0p4_beta0p01_bpe100.out,sweeps/20260201_214318/logs/r0257_tau10_alpha0p6_sigma0p4_beta0p01_bpe100.err,2125.827,10,0.6,0.4,0.01,100,1141787.000000,213886.000000,414290.000000,2.756009,0.362844,1.936966,0.455336,2.228724,1183.000000,1141787.000000,213886.000000,465832.000000,2.451070,0.407985,2.177945,0.466627,1.982127,1196.000000,1.124410
r0256_tau10_alpha0p4_sigma1_beta0p2_bpe400,0,sweeps/20260201_214318/json/r0256_tau10_alpha0p4_sigma1_beta0p2_bpe400.json,sweeps/20260201_214318/logs/r0256_tau10_alpha0p4_sigma1_beta0p2_bpe400.out,sweeps/20260201_214318/logs/r0256_tau10_alpha0p4_sigma1_beta0p2_bpe400.err,2400.184,10,0.4,1.0,0.2,400,1141787.000000,213886.000000,414290.000000,2.756009,0.362844,1.936966,0.455336,2.228724,1183.000000,1141787.000000,213886.000000,425100.000000,2.685926,0.372311,1.987507,0.438098,2.172049,1194.000000,1.026093
r0258_tau10_alpha0p6_sigma0p4_beta0p01_bpe200,0,sweeps/20260201_214318/json/r0258_tau10_alpha0p6_sigma0p4_beta0p01_bpe200.json,sweeps/20260201_214318/logs/r0258_tau10_alpha0p6_sigma0p4_beta0p01_bpe200.out,sweeps/20260201_214318/logs/r0258_tau10_alpha0p6_sigma0p4_beta0p01_bpe200.err,2229.121,10,0.6,0.4,0.01,200,1141787.000000,213886.000000,414290.000000,2.756009,0.362844,1.936966,0.455336,2.228724,1183.000000,1141787.000000,213886.000000,441473.000000,2.586312,0.386651,2.064057,0.446761,2.091494,1188.000000,1.065613
r0261_tau10_alpha0p6_sigma0p4_beta0p1_bpe100,0,sweeps/20260201_214318/json/r0261_tau10_alpha0p6_sigma0p4_beta0p1_bpe100.json,sweeps/20260201_214318/logs/r0261_tau10_alpha0p6_sigma0p4_beta0p1_bpe100.out,sweeps/20260201_214318/logs/r0261_tau10_alpha0p6_sigma0p4_beta0p1_bpe100.err,2105.189,10,0.6,0.4,0.1,100,1141787.000000,213886.000000,414290.000000,2.756009,0.362844,1.936966,0.455336,2.228724,1183.000000,1141787.000000,213886.000000,465281.000000,2.453973,0.407502,2.175369,0.464579,1.984474,1198.000000,1.123080
r0259_tau10_alpha0p6_sigma0p4_beta0p01_bpe300,0,sweeps/20260201_214318/json/r0259_tau10_alpha0p6_sigma0p4_beta0p01_bpe300.json,sweeps/20260201_214318/logs/r0259_tau10_alpha0p6_sigma0p4_beta0p01_bpe300.out,sweeps/20260201_214318/logs/r0259_tau10_alpha0p6_sigma0p4_beta0p01_bpe300.err,2277.709,10,0.6,0.4,0.01,300,1141787.000000,213886.000000,414290.000000,2.756009,0.362844,1.936966,0.455336,2.228724,1183.000000,1141787.000000,213886.000000,432539.000000,2.639732,0.378826,2.022288,0.439384,2.134693,1200.000000,1.044049
r0262_tau10_alpha0p6_sigma0p4_beta0p1_bpe200,0,sweeps/20260201_214318/json/r0262_tau10_alpha0p6_sigma0p4_beta0p1_bpe200.json,sweeps/20260201_214318/logs/r0262_tau10_alpha0p6_sigma0p4_beta0p1_bpe200.out,sweeps/20260201_214318/logs/r0262_tau10_alpha0p6_sigma0p4_beta0p1_bpe200.err,2209.038,10,0.6,0.4,0.1,200,1141787.000000,213886.000000,414290.000000,2.756009,0.362844,1.936966,0.455336,2.228724,1183.000000,1141787.000000,213886.000000,441498.000000,2.586166,0.386673,2.064174,0.447963,2.091375,1189.000000,1.065674
r0260_tau10_alpha0p6_sigma0p4_beta0p01_bpe400,0,sweeps/20260201_214318/json/r0260_tau10_alpha0p6_sigma0p4_beta0p01_bpe400.json,sweeps/20260201_214318/logs/r0260_tau10_alpha0p6_sigma0p4_beta0p01_bpe400.out,sweeps/20260201_214318/logs/r0260_tau10_alpha0p6_sigma0p4_beta0p01_bpe400.err,2374.049,10,0.6,0.4,0.01,400,1141787.000000,213886.000000,414290.000000,2.756009,0.362844,1.936966,0.455336,2.228724,1183.000000,1141787.000000,213886.000000,424699.000000,2.688462,0.371960,1.985633,0.437780,2.174100,1194.000000,1.025125
r0265_tau10_alpha0p6_sigma0p4_beta0p15_bpe100,0,sweeps/20260201_214318/json/r0265_tau10_alpha0p6_sigma0p4_beta0p15_bpe100.json,sweeps/20260201_214318/logs/r0265_tau10_alpha0p6_sigma0p4_beta0p15_bpe100.out,sweeps/20260201_214318/logs/r0265_tau10_alpha0p6_sigma0p4_beta0p15_bpe100.err,2125.835,10,0.6,0.4,0.15,100,1141787.000000,213886.000000,414290.000000,2.756009,0.362844,1.936966,0.455336,2.228724,1183.000000,1141787.000000,213886.000000,465765.000000,2.451423,0.407926,2.177632,0.464322,1.982412,1199.000000,1.124249
r0263_tau10_alpha0p6_sigma0p4_beta0p1_bpe300,0,sweeps/20260201_214318/json/r0263_tau10_alpha0p6_sigma0p4_beta0p1_bpe300.json,sweeps/20260201_214318/logs/r0263_tau10_alpha0p6_sigma0p4_beta0p1_bpe300.out,sweeps/20260201_214318/logs/r0263_tau10_alpha0p6_sigma0p4_beta0p1_bpe300.err,2311.646,10,0.6,0.4,0.1,300,1141787.000000,213886.000000,414290.000000,2.756009,0.362844,1.936966,0.455336,2.228724,1183.000000,1141787.000000,213886.000000,432574.000000,2.639518,0.378857,2.022451,0.440880,2.134520,1202.000000,1.044133
r0264_tau10_alpha0p6_sigma0p4_beta0p1_bpe400,0,sweeps/20260201_214318/json/r0264_tau10_alpha0p6_sigma0p4_beta0p1_bpe400.json,sweeps/20260201_214318/logs/r0264_tau10_alpha0p6_sigma0p4_beta0p1_bpe400.out,sweeps/20260201_214318/logs/r0264_tau10_alpha0p6_sigma0p4_beta0p1_bpe400.err,2390.344,10,0.6,0.4,0.1,400,1141787.000000,213886.000000,414290.000000,2.756009,0.362844,1.936966,0.455336,2.228724,1183.000000,1141787.000000,213886.000000,424632.000000,2.688886,0.371901,1.985319,0.437981,2.174443,1195.000000,1.024963
r0266_tau10_alpha0p6_sigma0p4_beta0p15_bpe200,0,sweeps/20260201_214318/json/r0266_tau10_alpha0p6_sigma0p4_beta0p15_bpe200.json,sweeps/20260201_214318/logs/r0266_tau10_alpha0p6_sigma0p4_beta0p15_bpe200.out,sweeps/20260201_214318/logs/r0266_tau10_alpha0p6_sigma0p4_beta0p15_bpe200.err,2259.332,10,0.6,0.4,0.15,200,1141787.000000,213886.000000,414290.000000,2.756009,0.362844,1.936966,0.455336,2.228724,1183.000000,1141787.000000,213886.000000,441300.000000,2.587326,0.386499,2.063249,0.448402,2.092314,1189.000000,1.065196
r0269_tau10_alpha0p6_sigma0p4_beta0p2_bpe100,0,sweeps/20260201_214318/json/r0269_tau10_alpha0p6_sigma0p4_beta0p2_bpe100.json,sweeps/20260201_214318/logs/r0269_tau10_alpha0p6_sigma0p4_beta0p2_bpe100.out,sweeps/20260201_214318/logs/r0269_tau10_alpha0p6_sigma0p4_beta0p2_bpe100.err,2138.474,10,0.6,0.4,0.2,100,1141787.000000,213886.000000,414290.000000,2.756009,0.362844,1.936966,0.455336,2.228724,1183.000000,1141787.000000,213886.000000,465522.000000,2.452703,0.407714,2.176496,0.467029,1.983447,1199.000000,1.123662
r0267_tau10_alpha0p6_sigma0p4_beta0p15_bpe300,0,sweeps/20260201_214318/json/r0267_tau10_alpha0p6_sigma0p4_beta0p15_bpe300.json,sweeps/20260201_214318/logs/r0267_tau10_alpha0p6_sigma0p4_beta0p15_bpe300.out,sweeps/20260201_214318/logs/r0267_tau10_alpha0p6_sigma0p4_beta0p15_bpe300.err,2283.033,10,0.6,0.4,0.15,300,1141787.000000,213886.000000,414290.000000,2.756009,0.362844,1.936966,0.455336,2.228724,1183.000000,1141787.000000,213886.000000,432590.000000,2.639421,0.378871,2.022526,0.441441,2.134441,1203.000000,1.044172
r0270_tau10_alpha0p6_sigma0p4_beta0p2_bpe200,0,sweeps/20260201_214318/json/r0270_tau10_alpha0p6_sigma0p4_beta0p2_bpe200.json,sweeps/20260201_214318/logs/r0270_tau10_alpha0p6_sigma0p4_beta0p2_bpe200.out,sweeps/20260201_214318/logs/r0270_tau10_alpha0p6_sigma0p4_beta0p2_bpe200.err,2222.457,10,0.6,0.4,0.2,200,1141787.000000,213886.000000,414290.000000,2.756009,0.362844,1.936966,0.455336,2.228724,1183.000000,1141787.000000,213886.000000,441470.000000,2.586330,0.386648,2.064043,0.449253,2.091508,1186.000000,1.065606
r0268_tau10_alpha0p6_sigma0p4_beta0p15_bpe400,0,sweeps/20260201_214318/json/r0268_tau10_alpha0p6_sigma0p4_beta0p15_bpe400.json,sweeps/20260201_214318/logs/r0268_tau10_alpha0p6_sigma0p4_beta0p15_bpe400.out,sweeps/20260201_214318/logs/r0268_tau10_alpha0p6_sigma0p4_beta0p15_bpe400.err,2362.954,10,0.6,0.4,0.15,400,1141787.000000,213886.000000,414290.000000,2.756009,0.362844,1.936966,0.455336,2.228724,1183.000000,1141787.000000,213886.000000,424604.000000,2.689063,0.371877,1.985188,0.438953,2.174586,1194.000000,1.024896
r0271_tau10_alpha0p6_sigma0p4_beta0p2_bpe300,0,sweeps/20260201_214318/json/r0271_tau10_alpha0p6_sigma0p4_beta0p2_bpe300.json,sweeps/20260201_214318/logs/r0271_tau10_alpha0p6_sigma0p4_beta0p2_bpe300.out,sweeps/20260201_214318/logs/r0271_tau10_alpha0p6_sigma0p4_beta0p2_bpe300.err,2291.295,10,0.6,0.4,0.2,300,1141787.000000,213886.000000,414290.000000,2.756009,0.362844,1.936966,0.455336,2.228724,1183.000000,1141787.000000,213886.000000,432501.000000,2.639964,0.378793,2.022110,0.441862,2.134881,1203.000000,1.043957
r0273_tau10_alpha0p6_sigma0p6_beta0p01_bpe100,0,sweeps/20260201_214318/json/r0273_tau10_alpha0p6_sigma0p6_beta0p01_bpe100.json,sweeps/20260201_214318/logs/r0273_tau10_alpha0p6_sigma0p6_beta0p01_bpe100.out,sweeps/20260201_214318/logs/r0273_tau10_alpha0p6_sigma0p6_beta0p01_bpe100.err,2138.147,10,0.6,0.6,0.01,100,1141787.000000,213886.000000,414290.000000,2.756009,0.362844,1.936966,0.455336,2.228724,1183.000000,1141787.000000,213886.000000,465832.000000,2.451070,0.407985,2.177945,0.466627,1.982127,1196.000000,1.124410
r0272_tau10_alpha0p6_sigma0p4_beta0p2_bpe400,0,sweeps/20260201_214318/json/r0272_tau10_alpha0p6_sigma0p4_beta0p2_bpe400.json,sweeps/20260201_214318/logs/r0272_tau10_alpha0p6_sigma0p4_beta0p2_bpe400.out,sweeps/20260201_214318/logs/r0272_tau10_alpha0p6_sigma0p4_beta0p2_bpe400.err,2346.590,10,0.6,0.4,0.2,400,1141787.000000,213886.000000,414290.000000,2.756009,0.362844,1.936966,0.455336,2.228724,1183.000000,1141787.000000,213886.000000,424633.000000,2.688880,0.371902,1.985324,0.438720,2.174438,1194.000000,1.024966
r0274_tau10_alpha0p6_sigma0p6_beta0p01_bpe200,0,sweeps/20260201_214318/json/r0274_tau10_alpha0p6_sigma0p6_beta0p01_bpe200.json,sweeps/20260201_214318/logs/r0274_tau10_alpha0p6_sigma0p6_beta0p01_bpe200.out,sweeps/20260201_214318/logs/r0274_tau10_alpha0p6_sigma0p6_beta0p01_bpe200.err,2226.729,10,0.6,0.6,0.01,200,1141787.000000,213886.000000,414290.000000,2.756009,0.362844,1.936966,0.455336,2.228724,1183.000000,1141787.000000,213886.000000,441473.000000,2.586312,0.386651,2.064057,0.446761,2.091494,1188.000000,1.065613
r0275_tau10_alpha0p6_sigma0p6_beta0p01_bpe300,0,sweeps/20260201_214318/json/r0275_tau10_alpha0p6_sigma0p6_beta0p01_bpe300.json,sweeps/20260201_214318/logs/r0275_tau10_alpha0p6_sigma0p6_beta0p01_bpe300.out,sweeps/20260201_214318/logs/r0275_tau10_alpha0p6_sigma0p6_beta0p01_bpe300.err,2262.915,10,0.6,0.6,0.01,300,1141787.000000,213886.000000,414290.000000,2.756009,0.362844,1.936966,0.455336,2.228724,1183.000000,1141787.000000,213886.000000,432539.000000,2.639732,0.378826,2.022288,0.439384,2.134693,1200.000000,1.044049
r0277_tau10_alpha0p6_sigma0p6_beta0p1_bpe100,0,sweeps/20260201_214318/json/r0277_tau10_alpha0p6_sigma0p6_beta0p1_bpe100.json,sweeps/20260201_214318/logs/r0277_tau10_alpha0p6_sigma0p6_beta0p1_bpe100.out,sweeps/20260201_214318/logs/r0277_tau10_alpha0p6_sigma0p6_beta0p1_bpe100.err,2149.177,10,0.6,0.6,0.1,100,1141787.000000,213886.000000,414290.000000,2.756009,0.362844,1.936966,0.455336,2.228724,1183.000000,1141787.000000,213886.000000,465281.000000,2.453973,0.407502,2.175369,0.464579,1.984474,1198.000000,1.123080
r0278_tau10_alpha0p6_sigma0p6_beta0p1_bpe200,0,sweeps/20260201_214318/json/r0278_tau10_alpha0p6_sigma0p6_beta0p1_bpe200.json,sweeps/20260201_214318/logs/r0278_tau10_alpha0p6_sigma0p6_beta0p1_bpe200.out,sweeps/20260201_214318/logs/r0278_tau10_alpha0p6_sigma0p6_beta0p1_bpe200.err,2198.993,10,0.6,0.6,0.1,200,1141787.000000,213886.000000,414290.000000,2.756009,0.362844,1.936966,0.455336,2.228724,1183.000000,1141787.000000,213886.000000,441498.000000,2.586166,0.386673,2.064174,0.447963,2.091375,1189.000000,1.065674
r0276_tau10_alpha0p6_sigma0p6_beta0p01_bpe400,0,sweeps/20260201_214318/json/r0276_tau10_alpha0p6_sigma0p6_beta0p01_bpe400.json,sweeps/20260201_214318/logs/r0276_tau10_alpha0p6_sigma0p6_beta0p01_bpe400.out,sweeps/20260201_214318/logs/r0276_tau10_alpha0p6_sigma0p6_beta0p01_bpe400.err,2329.557,10,0.6,0.6,0.01,400,1141787.000000,213886.000000,414290.000000,2.756009,0.362844,1.936966,0.455336,2.228724,1183.000000,1141787.000000,213886.000000,424699.000000,2.688462,0.371960,1.985633,0.437780,2.174100,1194.000000,1.025125
r0279_tau10_alpha0p6_sigma0p6_beta0p1_bpe300,0,sweeps/20260201_214318/json/r0279_tau10_alpha0p6_sigma0p6_beta0p1_bpe300.json,sweeps/20260201_214318/logs/r0279_tau10_alpha0p6_sigma0p6_beta0p1_bpe300.out,sweeps/20260201_214318/logs/r0279_tau10_alpha0p6_sigma0p6_beta0p1_bpe300.err,2297.316,10,0.6,0.6,0.1,300,1141787.000000,213886.000000,414290.000000,2.756009,0.362844,1.936966,0.455336,2.228724,1183.000000,1141787.000000,213886.000000,432574.000000,2.639518,0.378857,2.022451,0.440880,2.134520,1202.000000,1.044133
r0281_tau10_alpha0p6_sigma0p6_beta0p15_bpe100,0,sweeps/20260201_214318/json/r0281_tau10_alpha0p6_sigma0p6_beta0p15_bpe100.json,sweeps/20260201_214318/logs/r0281_tau10_alpha0p6_sigma0p6_beta0p15_bpe100.out,sweeps/20260201_214318/logs/r0281_tau10_alpha0p6_sigma0p6_beta0p15_bpe100.err,2176.727,10,0.6,0.6,0.15,100,1141787.000000,213886.000000,414290.000000,2.756009,0.362844,1.936966,0.455336,2.228724,1183.000000,1141787.000000,213886.000000,465754.000000,2.451481,0.407917,2.177581,0.464271,1.982459,1199.000000,1.124222
r0282_tau10_alpha0p6_sigma0p6_beta0p15_bpe200,0,sweeps/20260201_214318/json/r0282_tau10_alpha0p6_sigma0p6_beta0p15_bpe200.json,sweeps/20260201_214318/logs/r0282_tau10_alpha0p6_sigma0p6_beta0p15_bpe200.out,sweeps/20260201_214318/logs/r0282_tau10_alpha0p6_sigma0p6_beta0p15_bpe200.err,2255.842,10,0.6,0.6,0.15,200,1141787.000000,213886.000000,414290.000000,2.756009,0.362844,1.936966,0.455336,2.228724,1183.000000,1141787.000000,213886.000000,441300.000000,2.587326,0.386499,2.063249,0.448402,2.092314,1189.000000,1.065196
r0280_tau10_alpha0p6_sigma0p6_beta0p1_bpe400,0,sweeps/20260201_214318/json/r0280_tau10_alpha0p6_sigma0p6_beta0p1_bpe400.json,sweeps/20260201_214318/logs/r0280_tau10_alpha0p6_sigma0p6_beta0p1_bpe400.out,sweeps/20260201_214318/logs/r0280_tau10_alpha0p6_sigma0p6_beta0p1_bpe400.err,2394.856,10,0.6,0.6,0.1,400,1141787.000000,213886.000000,414290.000000,2.756009,0.362844,1.936966,0.455336,2.228724,1183.000000,1141787.000000,213886.000000,424632.000000,2.688886,0.371901,1.985319,0.437981,2.174443,1195.000000,1.024963
r0285_tau10_alpha0p6_sigma0p6_beta0p2_bpe100,0,sweeps/20260201_214318/json/r0285_tau10_alpha0p6_sigma0p6_beta0p2_bpe100.json,sweeps/20260201_214318/logs/r0285_tau10_alpha0p6_sigma0p6_beta0p2_bpe100.out,sweeps/20260201_214318/logs/r0285_tau10_alpha0p6_sigma0p6_beta0p2_bpe100.err,2159.694,10,0.6,0.6,0.2,100,1141787.000000,213886.000000,414290.000000,2.756009,0.362844,1.936966,0.455336,2.228724,1183.000000,1141787.000000,213886.000000,465522.000000,2.452703,0.407714,2.176496,0.467029,1.983447,1199.000000,1.123662
r0283_tau10_alpha0p6_sigma0p6_beta0p15_bpe300,0,sweeps/20260201_214318/json/r0283_tau10_alpha0p6_sigma0p6_beta0p15_bpe300.json,sweeps/20260201_214318/logs/r0283_tau10_alpha0p6_sigma0p6_beta0p15_bpe300.out,sweeps/20260201_214318/logs/r0283_tau10_alpha0p6_sigma0p6_beta0p15_bpe300.err,2287.096,10,0.6,0.6,0.15,300,1141787.000000,213886.000000,414290.000000,2.756009,0.362844,1.936966,0.455336,2.228724,1183.000000,1141787.000000,213886.000000,432590.000000,2.639421,0.378871,2.022526,0.441441,2.134441,1203.000000,1.044172
r0284_tau10_alpha0p6_sigma0p6_beta0p15_bpe400,0,sweeps/20260201_214318/json/r0284_tau10_alpha0p6_sigma0p6_beta0p15_bpe400.json,sweeps/20260201_214318/logs/r0284_tau10_alpha0p6_sigma0p6_beta0p15_bpe400.out,sweeps/20260201_214318/logs/r0284_tau10_alpha0p6_sigma0p6_beta0p15_bpe400.err,2345.122,10,0.6,0.6,0.15,400,1141787.000000,213886.000000,414290.000000,2.756009,0.362844,1.936966,0.455336,2.228724,1183.000000,1141787.000000,213886.000000,424604.000000,2.689063,0.371877,1.985188,0.438953,2.174586,1194.000000,1.024896
r0286_tau10_alpha0p6_sigma0p6_beta0p2_bpe200,0,sweeps/20260201_214318/json/r0286_tau10_alpha0p6_sigma0p6_beta0p2_bpe200.json,sweeps/20260201_214318/logs/r0286_tau10_alpha0p6_sigma0p6_beta0p2_bpe200.out,sweeps/20260201_214318/logs/r0286_tau10_alpha0p6_sigma0p6_beta0p2_bpe200.err,2214.640,10,0.6,0.6,0.2,200,1141787.000000,213886.000000,414290.000000,2.756009,0.362844,1.936966,0.455336,2.228724,1183.000000,1141787.000000,213886.000000,441470.000000,2.586330,0.386648,2.064043,0.449253,2.091508,1186.000000,1.065606
r0287_tau10_alpha0p6_sigma0p6_beta0p2_bpe300,0,sweeps/20260201_214318/json/r0287_tau10_alpha0p6_sigma0p6_beta0p2_bpe300.json,sweeps/20260201_214318/logs/r0287_tau10_alpha0p6_sigma0p6_beta0p2_bpe300.out,sweeps/20260201_214318/logs/r0287_tau10_alpha0p6_sigma0p6_beta0p2_bpe300.err,2290.575,10,0.6,0.6,0.2,300,1141787.000000,213886.000000,414290.000000,2.756009,0.362844,1.936966,0.455336,2.228724,1183.000000,1141787.000000,213886.000000,432501.000000,2.639964,0.378793,2.022110,0.441862,2.134881,1203.000000,1.043957
r0289_tau10_alpha0p6_sigma0p8_beta0p01_bpe100,0,sweeps/20260201_214318/json/r0289_tau10_alpha0p6_sigma0p8_beta0p01_bpe100.json,sweeps/20260201_214318/logs/r0289_tau10_alpha0p6_sigma0p8_beta0p01_bpe100.out,sweeps/20260201_214318/logs/r0289_tau10_alpha0p6_sigma0p8_beta0p01_bpe100.err,2152.759,10,0.6,0.8,0.01,100,1141787.000000,213886.000000,414290.000000,2.756009,0.362844,1.936966,0.455336,2.228724,1183.000000,1141787.000000,213886.000000,465832.000000,2.451070,0.407985,2.177945,0.466627,1.982127,1196.000000,1.124410
r0288_tau10_alpha0p6_sigma0p6_beta0p2_bpe400,0,sweeps/20260201_214318/json/r0288_tau10_alpha0p6_sigma0p6_beta0p2_bpe400.json,sweeps/20260201_214318/logs/r0288_tau10_alpha0p6_sigma0p6_beta0p2_bpe400.out,sweeps/20260201_214318/logs/r0288_tau10_alpha0p6_sigma0p6_beta0p2_bpe400.err,2408.286,10,0.6,0.6,0.2,400,1141787.000000,213886.000000,414290.000000,2.756009,0.362844,1.936966,0.455336,2.228724,1183.000000,1141787.000000,213886.000000,424633.000000,2.688880,0.371902,1.985324,0.438720,2.174438,1194.000000,1.024966
r0290_tau10_alpha0p6_sigma0p8_beta0p01_bpe200,0,sweeps/20260201_214318/json/r0290_tau10_alpha0p6_sigma0p8_beta0p01_bpe200.json,sweeps/20260201_214318/logs/r0290_tau10_alpha0p6_sigma0p8_beta0p01_bpe200.out,sweeps/20260201_214318/logs/r0290_tau10_alpha0p6_sigma0p8_beta0p01_bpe200.err,2213.417,10,0.6,0.8,0.01,200,1141787.000000,213886.000000,414290.000000,2.756009,0.362844,1.936966,0.455336,2.228724,1183.000000,1141787.000000,213886.000000,441473.000000,2.586312,0.386651,2.064057,0.446761,2.091494,1188.000000,1.065613
r0291_tau10_alpha0p6_sigma0p8_beta0p01_bpe300,0,sweeps/20260201_214318/json/r0291_tau10_alpha0p6_sigma0p8_beta0p01_bpe300.json,sweeps/20260201_214318/logs/r0291_tau10_alpha0p6_sigma0p8_beta0p01_bpe300.out,sweeps/20260201_214318/logs/r0291_tau10_alpha0p6_sigma0p8_beta0p01_bpe300.err,2307.537,10,0.6,0.8,0.01,300,1141787.000000,213886.000000,414290.000000,2.756009,0.362844,1.936966,0.455336,2.228724,1183.000000,1141787.000000,213886.000000,432539.000000,2.639732,0.378826,2.022288,0.439384,2.134693,1200.000000,1.044049
r0293_tau10_alpha0p6_sigma0p8_beta0p1_bpe100,0,sweeps/20260201_214318/json/r0293_tau10_alpha0p6_sigma0p8_beta0p1_bpe100.json,sweeps/20260201_214318/logs/r0293_tau10_alpha0p6_sigma0p8_beta0p1_bpe100.out,sweeps/20260201_214318/logs/r0293_tau10_alpha0p6_sigma0p8_beta0p1_bpe100.err,2149.067,10,0.6,0.8,0.1,100,1141787.000000,213886.000000,414290.000000,2.756009,0.362844,1.936966,0.455336,2.228724,1183.000000,1141787.000000,213886.000000,465281.000000,2.453973,0.407502,2.175369,0.464579,1.984474,1198.000000,1.123080
r0294_tau10_alpha0p6_sigma0p8_beta0p1_bpe200,0,sweeps/20260201_214318/json/r0294_tau10_alpha0p6_sigma0p8_beta0p1_bpe200.json,sweeps/20260201_214318/logs/r0294_tau10_alpha0p6_sigma0p8_beta0p1_bpe200.out,sweeps/20260201_214318/logs/r0294_tau10_alpha0p6_sigma0p8_beta0p1_bpe200.err,2191.318,10,0.6,0.8,0.1,200,1141787.000000,213886.000000,414290.000000,2.756009,0.362844,1.936966,0.455336,2.228724,1183.000000,1141787.000000,213886.000000,441498.000000,2.586166,0.386673,2.064174,0.447963,2.091375,1189.000000,1.065674
r0292_tau10_alpha0p6_sigma0p8_beta0p01_bpe400,0,sweeps/20260201_214318/json/r0292_tau10_alpha0p6_sigma0p8_beta0p01_bpe400.json,sweeps/20260201_214318/logs/r0292_tau10_alpha0p6_sigma0p8_beta0p01_bpe400.out,sweeps/20260201_214318/logs/r0292_tau10_alpha0p6_sigma0p8_beta0p01_bpe400.err,2327.036,10,0.6,0.8,0.01,400,1141787.000000,213886.000000,414290.000000,2.756009,0.362844,1.936966,0.455336,2.228724,1183.000000,1141787.000000,213886.000000,424699.000000,2.688462,0.371960,1.985633,0.437780,2.174100,1194.000000,1.025125
r0297_tau10_alpha0p6_sigma0p8_beta0p15_bpe100,0,sweeps/20260201_214318/json/r0297_tau10_alpha0p6_sigma0p8_beta0p15_bpe100.json,sweeps/20260201_214318/logs/r0297_tau10_alpha0p6_sigma0p8_beta0p15_bpe100.out,sweeps/20260201_214318/logs/r0297_tau10_alpha0p6_sigma0p8_beta0p15_bpe100.err,2147.136,10,0.6,0.8,0.15,100,1141787.000000,213886.000000,414290.000000,2.756009,0.362844,1.936966,0.455336,2.228724,1183.000000,1141787.000000,213886.000000,465754.000000,2.451481,0.407917,2.177581,0.464271,1.982459,1199.000000,1.124222
r0295_tau10_alpha0p6_sigma0p8_beta0p1_bpe300,0,sweeps/20260201_214318/json/r0295_tau10_alpha0p6_sigma0p8_beta0p1_bpe300.json,sweeps/20260201_214318/logs/r0295_tau10_alpha0p6_sigma0p8_beta0p1_bpe300.out,sweeps/20260201_214318/logs/r0295_tau10_alpha0p6_sigma0p8_beta0p1_bpe300.err,2291.339,10,0.6,0.8,0.1,300,1141787.000000,213886.000000,414290.000000,2.756009,0.362844,1.936966,0.455336,2.228724,1183.000000,1141787.000000,213886.000000,432574.000000,2.639518,0.378857,2.022451,0.440880,2.134520,1202.000000,1.044133
r0296_tau10_alpha0p6_sigma0p8_beta0p1_bpe400,0,sweeps/20260201_214318/json/r0296_tau10_alpha0p6_sigma0p8_beta0p1_bpe400.json,sweeps/20260201_214318/logs/r0296_tau10_alpha0p6_sigma0p8_beta0p1_bpe400.out,sweeps/20260201_214318/logs/r0296_tau10_alpha0p6_sigma0p8_beta0p1_bpe400.err,2354.458,10,0.6,0.8,0.1,400,1141787.000000,213886.000000,414290.000000,2.756009,0.362844,1.936966,0.455336,2.228724,1183.000000,1141787.000000,213886.000000,424632.000000,2.688886,0.371901,1.985319,0.437981,2.174443,1195.000000,1.024963
r0301_tau10_alpha0p6_sigma0p8_beta0p2_bpe100,0,sweeps/20260201_214318/json/r0301_tau10_alpha0p6_sigma0p8_beta0p2_bpe100.json,sweeps/20260201_214318/logs/r0301_tau10_alpha0p6_sigma0p8_beta0p2_bpe100.out,sweeps/20260201_214318/logs/r0301_tau10_alpha0p6_sigma0p8_beta0p2_bpe100.err,2139.086,10,0.6,0.8,0.2,100,1141787.000000,213886.000000,414290.000000,2.756009,0.362844,1.936966,0.455336,2.228724,1183.000000,1141787.000000,213886.000000,465522.000000,2.452703,0.407714,2.176496,0.467029,1.983447,1199.000000,1.123662
r0298_tau10_alpha0p6_sigma0p8_beta0p15_bpe200,0,sweeps/20260201_214318/json/r0298_tau10_alpha0p6_sigma0p8_beta0p15_bpe200.json,sweeps/20260201_214318/logs/r0298_tau10_alpha0p6_sigma0p8_beta0p15_bpe200.out,sweeps/20260201_214318/logs/r0298_tau10_alpha0p6_sigma0p8_beta0p15_bpe200.err,2256.258,10,0.6,0.8,0.15,200,1141787.000000,213886.000000,414290.000000,2.756009,0.362844,1.936966,0.455336,2.228724,1183.000000,1141787.000000,213886.000000,441300.000000,2.587326,0.386499,2.063249,0.448402,2.092314,1189.000000,1.065196
r0299_tau10_alpha0p6_sigma0p8_beta0p15_bpe300,0,sweeps/20260201_214318/json/r0299_tau10_alpha0p6_sigma0p8_beta0p15_bpe300.json,sweeps/20260201_214318/logs/r0299_tau10_alpha0p6_sigma0p8_beta0p15_bpe300.out,sweeps/20260201_214318/logs/r0299_tau10_alpha0p6_sigma0p8_beta0p15_bpe300.err,2313.375,10,0.6,0.8,0.15,300,1141787.000000,213886.000000,414290.000000,2.756009,0.362844,1.936966,0.455336,2.228724,1183.000000,1141787.000000,213886.000000,432590.000000,2.639421,0.378871,2.022526,0.441441,2.134441,1203.000000,1.044172
r0302_tau10_alpha0p6_sigma0p8_beta0p2_bpe200,0,sweeps/20260201_214318/json/r0302_tau10_alpha0p6_sigma0p8_beta0p2_bpe200.json,sweeps/20260201_214318/logs/r0302_tau10_alpha0p6_sigma0p8_beta0p2_bpe200.out,sweeps/20260201_214318/logs/r0302_tau10_alpha0p6_sigma0p8_beta0p2_bpe200.err,2229.382,10,0.6,0.8,0.2,200,1141787.000000,213886.000000,414290.000000,2.756009,0.362844,1.936966,0.455336,2.228724,1183.000000,1141787.000000,213886.000000,441470.000000,2.586330,0.386648,2.064043,0.449253,2.091508,1186.000000,1.065606
r0300_tau10_alpha0p6_sigma0p8_beta0p15_bpe400,0,sweeps/20260201_214318/json/r0300_tau10_alpha0p6_sigma0p8_beta0p15_bpe400.json,sweeps/20260201_214318/logs/r0300_tau10_alpha0p6_sigma0p8_beta0p15_bpe400.out,sweeps/20260201_214318/logs/r0300_tau10_alpha0p6_sigma0p8_beta0p15_bpe400.err,2361.770,10,0.6,0.8,0.15,400,1141787.000000,213886.000000,414290.000000,2.756009,0.362844,1.936966,0.455336,2.228724,1183.000000,1141787.000000,213886.000000,424604.000000,2.689063,0.371877,1.985188,0.438953,2.174586,1194.000000,1.024896
r0303_tau10_alpha0p6_sigma0p8_beta0p2_bpe300,0,sweeps/20260201_214318/json/r0303_tau10_alpha0p6_sigma0p8_beta0p2_bpe300.json,sweeps/20260201_214318/logs/r0303_tau10_alpha0p6_sigma0p8_beta0p2_bpe300.out,sweeps/20260201_214318/logs/r0303_tau10_alpha0p6_sigma0p8_beta0p2_bpe300.err,2284.439,10,0.6,0.8,0.2,300,1141787.000000,213886.000000,414290.000000,2.756009,0.362844,1.936966,0.455336,2.228724,1183.000000,1141787.000000,213886.000000,432501.000000,2.639964,0.378793,2.022110,0.441862,2.134881,1203.000000,1.043957
r0305_tau10_alpha0p6_sigma1_beta0p01_bpe100,0,sweeps/20260201_214318/json/r0305_tau10_alpha0p6_sigma1_beta0p01_bpe100.json,sweeps/20260201_214318/logs/r0305_tau10_alpha0p6_sigma1_beta0p01_bpe100.out,sweeps/20260201_214318/logs/r0305_tau10_alpha0p6_sigma1_beta0p01_bpe100.err,2160.038,10,0.6,1.0,0.01,100,1141787.000000,213886.000000,414290.000000,2.756009,0.362844,1.936966,0.455336,2.228724,1183.000000,1141787.000000,213886.000000,465832.000000,2.451070,0.407985,2.177945,0.466627,1.982127,1196.000000,1.124410
r0304_tau10_alpha0p6_sigma0p8_beta0p2_bpe400,0,sweeps/20260201_214318/json/r0304_tau10_alpha0p6_sigma0p8_beta0p2_bpe400.json,sweeps/20260201_214318/logs/r0304_tau10_alpha0p6_sigma0p8_beta0p2_bpe400.out,sweeps/20260201_214318/logs/r0304_tau10_alpha0p6_sigma0p8_beta0p2_bpe400.err,2362.289,10,0.6,0.8,0.2,400,1141787.000000,213886.000000,414290.000000,2.756009,0.362844,1.936966,0.455336,2.228724,1183.000000,1141787.000000,213886.000000,424633.000000,2.688880,0.371902,1.985324,0.438720,2.174438,1194.000000,1.024966
r0306_tau10_alpha0p6_sigma1_beta0p01_bpe200,0,sweeps/20260201_214318/json/r0306_tau10_alpha0p6_sigma1_beta0p01_bpe200.json,sweeps/20260201_214318/logs/r0306_tau10_alpha0p6_sigma1_beta0p01_bpe200.out,sweeps/20260201_214318/logs/r0306_tau10_alpha0p6_sigma1_beta0p01_bpe200.err,2205.827,10,0.6,1.0,0.01,200,1141787.000000,213886.000000,414290.000000,2.756009,0.362844,1.936966,0.455336,2.228724,1183.000000,1141787.000000,213886.000000,441473.000000,2.586312,0.386651,2.064057,0.446761,2.091494,1188.000000,1.065613
r0309_tau10_alpha0p6_sigma1_beta0p1_bpe100,0,sweeps/20260201_214318/json/r0309_tau10_alpha0p6_sigma1_beta0p1_bpe100.json,sweeps/20260201_214318/logs/r0309_tau10_alpha0p6_sigma1_beta0p1_bpe100.out,sweeps/20260201_214318/logs/r0309_tau10_alpha0p6_sigma1_beta0p1_bpe100.err,2153.022,10,0.6,1.0,0.1,100,1141787.000000,213886.000000,414290.000000,2.756009,0.362844,1.936966,0.455336,2.228724,1183.000000,1141787.000000,213886.000000,465281.000000,2.453973,0.407502,2.175369,0.464579,1.984474,1198.000000,1.123080
r0310_tau10_alpha0p6_sigma1_beta0p1_bpe200,0,sweeps/20260201_214318/json/r0310_tau10_alpha0p6_sigma1_beta0p1_bpe200.json,sweeps/20260201_214318/logs/r0310_tau10_alpha0p6_sigma1_beta0p1_bpe200.out,sweeps/20260201_214318/logs/r0310_tau10_alpha0p6_sigma1_beta0p1_bpe200.err,2197.335,10,0.6,1.0,0.1,200,1141787.000000,213886.000000,414290.000000,2.756009,0.362844,1.936966,0.455336,2.228724,1183.000000,1141787.000000,213886.000000,441498.000000,2.586166,0.386673,2.064174,0.447963,2.091375,1189.000000,1.065674
r0307_tau10_alpha0p6_sigma1_beta0p01_bpe300,0,sweeps/20260201_214318/json/r0307_tau10_alpha0p6_sigma1_beta0p01_bpe300.json,sweeps/20260201_214318/logs/r0307_tau10_alpha0p6_sigma1_beta0p01_bpe300.out,sweeps/20260201_214318/logs/r0307_tau10_alpha0p6_sigma1_beta0p01_bpe300.err,2304.630,10,0.6,1.0,0.01,300,1141787.000000,213886.000000,414290.000000,2.756009,0.362844,1.936966,0.455336,2.228724,1183.000000,1141787.000000,213886.000000,432539.000000,2.639732,0.378826,2.022288,0.439384,2.134693,1200.000000,1.044049
r0308_tau10_alpha0p6_sigma1_beta0p01_bpe400,0,sweeps/20260201_214318/json/r0308_tau10_alpha0p6_sigma1_beta0p01_bpe400.json,sweeps/20260201_214318/logs/r0308_tau10_alpha0p6_sigma1_beta0p01_bpe400.out,sweeps/20260201_214318/logs/r0308_tau10_alpha0p6_sigma1_beta0p01_bpe400.err,2370.024,10,0.6,1.0,0.01,400,1141787.000000,213886.000000,414290.000000,2.756009,0.362844,1.936966,0.455336,2.228724,1183.000000,1141787.000000,213886.000000,424699.000000,2.688462,0.371960,1.985633,0.437780,2.174100,1194.000000,1.025125
r0311_tau10_alpha0p6_sigma1_beta0p1_bpe300,0,sweeps/20260201_214318/json/r0311_tau10_alpha0p6_sigma1_beta0p1_bpe300.json,sweeps/20260201_214318/logs/r0311_tau10_alpha0p6_sigma1_beta0p1_bpe300.out,sweeps/20260201_214318/logs/r0311_tau10_alpha0p6_sigma1_beta0p1_bpe300.err,2268.055,10,0.6,1.0,0.1,300,1141787.000000,213886.000000,414290.000000,2.756009,0.362844,1.936966,0.455336,2.228724,1183.000000,1141787.000000,213886.000000,432574.000000,2.639518,0.378857,2.022451,0.440880,2.134520,1202.000000,1.044133
r0313_tau10_alpha0p6_sigma1_beta0p15_bpe100,0,sweeps/20260201_214318/json/r0313_tau10_alpha0p6_sigma1_beta0p15_bpe100.json,sweeps/20260201_214318/logs/r0313_tau10_alpha0p6_sigma1_beta0p15_bpe100.out,sweeps/20260201_214318/logs/r0313_tau10_alpha0p6_sigma1_beta0p15_bpe100.err,2193.596,10,0.6,1.0,0.15,100,1141787.000000,213886.000000,414290.000000,2.756009,0.362844,1.936966,0.455336,2.228724,1183.000000,1141787.000000,213886.000000,465754.000000,2.451481,0.407917,2.177581,0.464271,1.982459,1199.000000,1.124222
r0312_tau10_alpha0p6_sigma1_beta0p1_bpe400,0,sweeps/20260201_214318/json/r0312_tau10_alpha0p6_sigma1_beta0p1_bpe400.json,sweeps/20260201_214318/logs/r0312_tau10_alpha0p6_sigma1_beta0p1_bpe400.out,sweeps/20260201_214318/logs/r0312_tau10_alpha0p6_sigma1_beta0p1_bpe400.err,2346.685,10,0.6,1.0,0.1,400,1141787.000000,213886.000000,414290.000000,2.756009,0.362844,1.936966,0.455336,2.228724,1183.000000,1141787.000000,213886.000000,424632.000000,2.688886,0.371901,1.985319,0.437981,2.174443,1195.000000,1.024963
r0314_tau10_alpha0p6_sigma1_beta0p15_bpe200,0,sweeps/20260201_214318/json/r0314_tau10_alpha0p6_sigma1_beta0p15_bpe200.json,sweeps/20260201_214318/logs/r0314_tau10_alpha0p6_sigma1_beta0p15_bpe200.out,sweeps/20260201_214318/logs/r0314_tau10_alpha0p6_sigma1_beta0p15_bpe200.err,2231.620,10,0.6,1.0,0.15,200,1141787.000000,213886.000000,414290.000000,2.756009,0.362844,1.936966,0.455336,2.228724,1183.000000,1141787.000000,213886.000000,441300.000000,2.587326,0.386499,2.063249,0.448402,2.092314,1189.000000,1.065196
r0317_tau10_alpha0p6_sigma1_beta0p2_bpe100,0,sweeps/20260201_214318/json/r0317_tau10_alpha0p6_sigma1_beta0p2_bpe100.json,sweeps/20260201_214318/logs/r0317_tau10_alpha0p6_sigma1_beta0p2_bpe100.out,sweeps/20260201_214318/logs/r0317_tau10_alpha0p6_sigma1_beta0p2_bpe100.err,2153.319,10,0.6,1.0,0.2,100,1141787.000000,213886.000000,414290.000000,2.756009,0.362844,1.936966,0.455336,2.228724,1183.000000,1141787.000000,213886.000000,465522.000000,2.452703,0.407714,2.176496,0.467029,1.983447,1199.000000,1.123662
r0315_tau10_alpha0p6_sigma1_beta0p15_bpe300,0,sweeps/20260201_214318/json/r0315_tau10_alpha0p6_sigma1_beta0p15_bpe300.json,sweeps/20260201_214318/logs/r0315_tau10_alpha0p6_sigma1_beta0p15_bpe300.out,sweeps/20260201_214318/logs/r0315_tau10_alpha0p6_sigma1_beta0p15_bpe300.err,2308.945,10,0.6,1.0,0.15,300,1141787.000000,213886.000000,414290.000000,2.756009,0.362844,1.936966,0.455336,2.228724,1183.000000,1141787.000000,213886.000000,432590.000000,2.639421,0.378871,2.022526,0.441441,2.134441,1203.000000,1.044172
r0318_tau10_alpha0p6_sigma1_beta0p2_bpe200,0,sweeps/20260201_214318/json/r0318_tau10_alpha0p6_sigma1_beta0p2_bpe200.json,sweeps/20260201_214318/logs/r0318_tau10_alpha0p6_sigma1_beta0p2_bpe200.out,sweeps/20260201_214318/logs/r0318_tau10_alpha0p6_sigma1_beta0p2_bpe200.err,2238.280,10,0.6,1.0,0.2,200,1141787.000000,213886.000000,414290.000000,2.756009,0.362844,1.936966,0.455336,2.228724,1183.000000,1141787.000000,213886.000000,441470.000000,2.586330,0.386648,2.064043,0.449253,2.091508,1186.000000,1.065606
r0316_tau10_alpha0p6_sigma1_beta0p15_bpe400,0,sweeps/20260201_214318/json/r0316_tau10_alpha0p6_sigma1_beta0p15_bpe400.json,sweeps/20260201_214318/logs/r0316_tau10_alpha0p6_sigma1_beta0p15_bpe400.out,sweeps/20260201_214318/logs/r0316_tau10_alpha0p6_sigma1_beta0p15_bpe400.err,2385.379,10,0.6,1.0,0.15,400,1141787.000000,213886.000000,414290.000000,2.756009,0.362844,1.936966,0.455336,2.228724,1183.000000,1141787.000000,213886.000000,424604.000000,2.689063,0.371877,1.985188,0.438953,2.174586,1194.000000,1.024896
r0319_tau10_alpha0p6_sigma1_beta0p2_bpe300,0,sweeps/20260201_214318/json/r0319_tau10_alpha0p6_sigma1_beta0p2_bpe300.json,sweeps/20260201_214318/logs/r0319_tau10_alpha0p6_sigma1_beta0p2_bpe300.out,sweeps/20260201_214318/logs/r0319_tau10_alpha0p6_sigma1_beta0p2_bpe300.err,2309.098,10,0.6,1.0,0.2,300,1141787.000000,213886.000000,414290.000000,2.756009,0.362844,1.936966,0.455336,2.228724,1183.000000,1141787.000000,213886.000000,432501.000000,2.639964,0.378793,2.022110,0.441862,2.134881,1203.000000,1.043957
r0321_tau10_alpha0p8_sigma0p4_beta0p01_bpe100,0,sweeps/20260201_214318/json/r0321_tau10_alpha0p8_sigma0p4_beta0p01_bpe100.json,sweeps/20260201_214318/logs/r0321_tau10_alpha0p8_sigma0p4_beta0p01_bpe100.out,sweeps/20260201_214318/logs/r0321_tau10_alpha0p8_sigma0p4_beta0p01_bpe100.err,2103.419,10,0.8,0.4,0.01,100,1141787.000000,213886.000000,414290.000000,2.756009,0.362844,1.936966,0.455336,2.228724,1183.000000,1141787.000000,213886.000000,465517.000000,2.452729,0.407709,2.176473,0.467712,1.983468,1204.000000,1.123650
r0320_tau10_alpha0p6_sigma1_beta0p2_bpe400,0,sweeps/20260201_214318/json/r0320_tau10_alpha0p6_sigma1_beta0p2_bpe400.json,sweeps/20260201_214318/logs/r0320_tau10_alpha0p6_sigma1_beta0p2_bpe400.out,sweeps/20260201_214318/logs/r0320_tau10_alpha0p6_sigma1_beta0p2_bpe400.err,2358.847,10,0.6,1.0,0.2,400,1141787.000000,213886.000000,414290.000000,2.756009,0.362844,1.936966,0.455336,2.228724,1183.000000,1141787.000000,213886.000000,424633.000000,2.688880,0.371902,1.985324,0.438720,2.174438,1194.000000,1.024966
r0322_tau10_alpha0p8_sigma0p4_beta0p01_bpe200,0,sweeps/20260201_214318/json/r0322_tau10_alpha0p8_sigma0p4_beta0p01_bpe200.json,sweeps/20260201_214318/logs/r0322_tau10_alpha0p8_sigma0p4_beta0p01_bpe200.out,sweeps/20260201_214318/logs/r0322_tau10_alpha0p8_sigma0p4_beta0p01_bpe200.err,2234.935,10,0.8,0.4,0.01,200,1141787.000000,213886.000000,414290.000000,2.756009,0.362844,1.936966,0.455336,2.228724,1183.000000,1141787.000000,213886.000000,441637.000000,2.585352,0.386795,2.064824,0.447883,2.090717,1192.000000,1.066009
r0325_tau10_alpha0p8_sigma0p4_beta0p1_bpe100,0,sweeps/20260201_214318/json/r0325_tau10_alpha0p8_sigma0p4_beta0p1_bpe100.json,sweeps/20260201_214318/logs/r0325_tau10_alpha0p8_sigma0p4_beta0p1_bpe100.out,sweeps/20260201_214318/logs/r0325_tau10_alpha0p8_sigma0p4_beta0p1_bpe100.err,2150.298,10,0.8,0.4,0.1,100,1141787.000000,213886.000000,414290.000000,2.756009,0.362844,1.936966,0.455336,2.228724,1183.000000,1141787.000000,213886.000000,465622.000000,2.452176,0.407801,2.176963,0.467338,1.983021,1195.000000,1.123904
r0323_tau10_alpha0p8_sigma0p4_beta0p01_bpe300,0,sweeps/20260201_214318/json/r0323_tau10_alpha0p8_sigma0p4_beta0p01_bpe300.json,sweeps/20260201_214318/logs/r0323_tau10_alpha0p8_sigma0p4_beta0p01_bpe300.out,sweeps/20260201_214318/logs/r0323_tau10_alpha0p8_sigma0p4_beta0p01_bpe300.err,2300.954,10,0.8,0.4,0.01,300,1141787.000000,213886.000000,414290.000000,2.756009,0.362844,1.936966,0.455336,2.228724,1183.000000,1141787.000000,213886.000000,432183.000000,2.641906,0.378515,2.020623,0.443400,2.136451,1202.000000,1.043190
r0326_tau10_alpha0p8_sigma0p4_beta0p1_bpe200,0,sweeps/20260201_214318/json/r0326_tau10_alpha0p8_sigma0p4_beta0p1_bpe200.json,sweeps/20260201_214318/logs/r0326_tau10_alpha0p8_sigma0p4_beta0p1_bpe200.out,sweeps/20260201_214318/logs/r0326_tau10_alpha0p8_sigma0p4_beta0p1_bpe200.err,2221.422,10,0.8,0.4,0.1,200,1141787.000000,213886.000000,414290.000000,2.756009,0.362844,1.936966,0.455336,2.228724,1183.000000,1141787.000000,213886.000000,441246.000000,2.587643,0.386452,2.062996,0.448449,2.092570,1195.000000,1.065066
r0324_tau10_alpha0p8_sigma0p4_beta0p01_bpe400,0,sweeps/20260201_214318/json/r0324_tau10_alpha0p8_sigma0p4_beta0p01_bpe400.json,sweeps/20260201_214318/logs/r0324_tau10_alpha0p8_sigma0p4_beta0p01_bpe400.out,sweeps/20260201_214318/logs/r0324_tau10_alpha0p8_sigma0p4_beta0p01_bpe400.err,2331.898,10,0.8,0.4,0.01,400,1141787.000000,213886.000000,414290.000000,2.756009,0.362844,1.936966,0.455336,2.228724,1183.000000,1141787.000000,213886.000000,424304.000000,2.690964,0.371614,1.983786,0.438612,2.176124,1193.000000,1.024171
r0329_tau10_alpha0p8_sigma0p4_beta0p15_bpe100,0,sweeps/20260201_214318/json/r0329_tau10_alpha0p8_sigma0p4_beta0p15_bpe100.json,sweeps/20260201_214318/logs/r0329_tau10_alpha0p8_sigma0p4_beta0p15_bpe100.out,sweeps/20260201_214318/logs/r0329_tau10_alpha0p8_sigma0p4_beta0p15_bpe100.err,2159.639,10,0.8,0.4,0.15,100,1141787.000000,213886.000000,414290.000000,2.756009,0.362844,1.936966,0.455336,2.228724,1183.000000,1141787.000000,213886.000000,465779.000000,2.451349,0.407939,2.177697,0.468221,1.982352,1196.000000,1.124283
r0327_tau10_alpha0p8_sigma0p4_beta0p1_bpe300,0,sweeps/20260201_214318/json/r0327_tau10_alpha0p8_sigma0p4_beta0p1_bpe300.json,sweeps/20260201_214318/logs/r0327_tau10_alpha0p8_sigma0p4_beta0p1_bpe300.out,sweeps/20260201_214318/logs/r0327_tau10_alpha0p8_sigma0p4_beta0p1_bpe300.err,2297.533,10,0.8,0.4,0.1,300,1141787.000000,213886.000000,414290.000000,2.756009,0.362844,1.936966,0.455336,2.228724,1183.000000,1141787.000000,213886.000000,431960.000000,2.643270,0.378319,2.019581,0.442497,2.137554,1206.000000,1.042651
r0330_tau10_alpha0p8_sigma0p4_beta0p15_bpe200,0,sweeps/20260201_214318/json/r0330_tau10_alpha0p8_sigma0p4_beta0p15_bpe200.json,sweeps/20260201_214318/logs/r0330_tau10_alpha0p8_sigma0p4_beta0p15_bpe200.out,sweeps/20260201_214318/logs/r0330_tau10_alpha0p8_sigma0p4_beta0p15_bpe200.err,2240.391,10,0.8,0.4,0.15,200,1141787.000000,213886.000000,414290.000000,2.756009,0.362844,1.936966,0.455336,2.228724,1183.000000,1141787.000000,213886.000000,441309.000000,2.587273,0.386507,2.063291,0.449487,2.092271,1194.000000,1.065218
r0328_tau10_alpha0p8_sigma0p4_beta0p1_bpe400,0,sweeps/20260201_214318/json/r0328_tau10_alpha0p8_sigma0p4_beta0p1_bpe400.json,sweeps/20260201_214318/logs/r0328_tau10_alpha0p8_sigma0p4_beta0p1_bpe400.out,sweeps/20260201_214318/logs/r0328_tau10_alpha0p8_sigma0p4_beta0p1_bpe400.err,2335.631,10,0.8,0.4,0.1,400,1141787.000000,213886.000000,414290.000000,2.756009,0.362844,1.936966,0.455336,2.228724,1183.000000,1141787.000000,213886.000000,424250.000000,2.691307,0.371567,1.983533,0.438308,2.176401,1192.000000,1.024041
r0333_tau10_alpha0p8_sigma0p4_beta0p2_bpe100,0,sweeps/20260201_214318/json/r0333_tau10_alpha0p8_sigma0p4_beta0p2_bpe100.json,sweeps/20260201_214318/logs/r0333_tau10_alpha0p8_sigma0p4_beta0p2_bpe100.out,sweeps/20260201_214318/logs/r0333_tau10_alpha0p8_sigma0p4_beta0p2_bpe100.err,2124.984,10,0.8,0.4,0.2,100,1141787.000000,213886.000000,414290.000000,2.756009,0.362844,1.936966,0.455336,2.228724,1183.000000,1141787.000000,213886.000000,465567.000000,2.452465,0.407753,2.176706,0.467735,1.983255,1198.000000,1.123771
r0331_tau10_alpha0p8_sigma0p4_beta0p15_bpe300,0,sweeps/20260201_214318/json/r0331_tau10_alpha0p8_sigma0p4_beta0p15_bpe300.json,sweeps/20260201_214318/logs/r0331_tau10_alpha0p8_sigma0p4_beta0p15_bpe300.out,sweeps/20260201_214318/logs/r0331_tau10_alpha0p8_sigma0p4_beta0p15_bpe300.err,2271.316,10,0.8,0.4,0.15,300,1141787.000000,213886.000000,414290.000000,2.756009,0.362844,1.936966,0.455336,2.228724,1183.000000,1141787.000000,213886.000000,431572.000000,2.645647,0.377979,2.017766,0.442493,2.139476,1206.000000,1.041715
r0332_tau10_alpha0p8_sigma0p4_beta0p15_bpe400,0,sweeps/20260201_214318/json/r0332_tau10_alpha0p8_sigma0p4_beta0p15_bpe400.json,sweeps/20260201_214318/logs/r0332_tau10_alpha0p8_sigma0p4_beta0p15_bpe400.out,sweeps/20260201_214318/logs/r0332_tau10_alpha0p8_sigma0p4_beta0p15_bpe400.err,2339.900,10,0.8,0.4,0.15,400,1141787.000000,213886.000000,414290.000000,2.756009,0.362844,1.936966,0.455336,2.228724,1183.000000,1141787.000000,213886.000000,424359.000000,2.690616,0.371662,1.984043,0.439332,2.175842,1189.000000,1.024304
r0334_tau10_alpha0p8_sigma0p4_beta0p2_bpe200,0,sweeps/20260201_214318/json/r0334_tau10_alpha0p8_sigma0p4_beta0p2_bpe200.json,sweeps/20260201_214318/logs/r0334_tau10_alpha0p8_sigma0p4_beta0p2_bpe200.out,sweeps/20260201_214318/logs/r0334_tau10_alpha0p8_sigma0p4_beta0p2_bpe200.err,2210.390,10,0.8,0.4,0.2,200,1141787.000000,213886.000000,414290.000000,2.756009,0.362844,1.936966,0.455336,2.228724,1183.000000,1141787.000000,213886.000000,441439.000000,2.586511,0.386621,2.063899,0.450357,2.091655,1195.000000,1.065531
r0335_tau10_alpha0p8_sigma0p4_beta0p2_bpe300,0,sweeps/20260201_214318/json/r0335_tau10_alpha0p8_sigma0p4_beta0p2_bpe300.json,sweeps/20260201_214318/logs/r0335_tau10_alpha0p8_sigma0p4_beta0p2_bpe300.out,sweeps/20260201_214318/logs/r0335_tau10_alpha0p8_sigma0p4_beta0p2_bpe300.err,2327.362,10,0.8,0.4,0.2,300,1141787.000000,213886.000000,414290.000000,2.756009,0.362844,1.936966,0.455336,2.228724,1183.000000,1141787.000000,213886.000000,431557.000000,2.645739,0.377966,2.017696,0.442006,2.139551,1203.000000,1.041679
r0336_tau10_alpha0p8_sigma0p4_beta0p2_bpe400,0,sweeps/20260201_214318/json/r0336_tau10_alpha0p8_sigma0p4_beta0p2_bpe400.json,sweeps/20260201_214318/logs/r0336_tau10_alpha0p8_sigma0p4_beta0p2_bpe400.out,sweeps/20260201_214318/logs/r0336_tau10_alpha0p8_sigma0p4_beta0p2_bpe400.err,2405.566,10,0.8,0.4,0.2,400,1141787.000000,213886.000000,414290.000000,2.756009,0.362844,1.936966,0.455336,2.228724,1183.000000,1141787.000000,213886.000000,424295.000000,2.691022,0.371606,1.983744,0.439332,2.176170,1189.000000,1.024150
r0337_tau10_alpha0p8_sigma0p6_beta0p01_bpe100,0,sweeps/20260201_214318/json/r0337_tau10_alpha0p8_sigma0p6_beta0p01_bpe100.json,sweeps/20260201_214318/logs/r0337_tau10_alpha0p8_sigma0p6_beta0p01_bpe100.out,sweeps/20260201_214318/logs/r0337_tau10_alpha0p8_sigma0p6_beta0p01_bpe100.err,2177.686,10,0.8,0.6,0.01,100,1141787.000000,213886.000000,414290.000000,2.756009,0.362844,1.936966,0.455336,2.228724,1183.000000,1141787.000000,213886.000000,465517.000000,2.452729,0.407709,2.176473,0.467712,1.983468,1204.000000,1.123650
r0338_tau10_alpha0p8_sigma0p6_beta0p01_bpe200,0,sweeps/20260201_214318/json/r0338_tau10_alpha0p8_sigma0p6_beta0p01_bpe200.json,sweeps/20260201_214318/logs/r0338_tau10_alpha0p8_sigma0p6_beta0p01_bpe200.out,sweeps/20260201_214318/logs/r0338_tau10_alpha0p8_sigma0p6_beta0p01_bpe200.err,2187.544,10,0.8,0.6,0.01,200,1141787.000000,213886.000000,414290.000000,2.756009,0.362844,1.936966,0.455336,2.228724,1183.000000,1141787.000000,213886.000000,441637.000000,2.585352,0.386795,2.064824,0.447883,2.090717,1192.000000,1.066009
r0339_tau10_alpha0p8_sigma0p6_beta0p01_bpe300,0,sweeps/20260201_214318/json/r0339_tau10_alpha0p8_sigma0p6_beta0p01_bpe300.json,sweeps/20260201_214318/logs/r0339_tau10_alpha0p8_sigma0p6_beta0p01_bpe300.out,sweeps/20260201_214318/logs/r0339_tau10_alpha0p8_sigma0p6_beta0p01_bpe300.err,2293.609,10,0.8,0.6,0.01,300,1141787.000000,213886.000000,414290.000000,2.756009,0.362844,1.936966,0.455336,2.228724,1183.000000,1141787.000000,213886.000000,432183.000000,2.641906,0.378515,2.020623,0.443400,2.136451,1202.000000,1.043190
r0341_tau10_alpha0p8_sigma0p6_beta0p1_bpe100,0,sweeps/20260201_214318/json/r0341_tau10_alpha0p8_sigma0p6_beta0p1_bpe100.json,sweeps/20260201_214318/logs/r0341_tau10_alpha0p8_sigma0p6_beta0p1_bpe100.out,sweeps/20260201_214318/logs/r0341_tau10_alpha0p8_sigma0p6_beta0p1_bpe100.err,2146.094,10,0.8,0.6,0.1,100,1141787.000000,213886.000000,414290.000000,2.756009,0.362844,1.936966,0.455336,2.228724,1183.000000,1141787.000000,213886.000000,465622.000000,2.452176,0.407801,2.176963,0.467338,1.983021,1195.000000,1.123904
r0342_tau10_alpha0p8_sigma0p6_beta0p1_bpe200,0,sweeps/20260201_214318/json/r0342_tau10_alpha0p8_sigma0p6_beta0p1_bpe200.json,sweeps/20260201_214318/logs/r0342_tau10_alpha0p8_sigma0p6_beta0p1_bpe200.out,sweeps/20260201_214318/logs/r0342_tau10_alpha0p8_sigma0p6_beta0p1_bpe200.err,2237.457,10,0.8,0.6,0.1,200,1141787.000000,213886.000000,414290.000000,2.756009,0.362844,1.936966,0.455336,2.228724,1183.000000,1141787.000000,213886.000000,441246.000000,2.587643,0.386452,2.062996,0.448449,2.092570,1195.000000,1.065066
r0340_tau10_alpha0p8_sigma0p6_beta0p01_bpe400,0,sweeps/20260201_214318/json/r0340_tau10_alpha0p8_sigma0p6_beta0p01_bpe400.json,sweeps/20260201_214318/logs/r0340_tau10_alpha0p8_sigma0p6_beta0p01_bpe400.out,sweeps/20260201_214318/logs/r0340_tau10_alpha0p8_sigma0p6_beta0p01_bpe400.err,2370.468,10,0.8,0.6,0.01,400,1141787.000000,213886.000000,414290.000000,2.756009,0.362844,1.936966,0.455336,2.228724,1183.000000,1141787.000000,213886.000000,424304.000000,2.690964,0.371614,1.983786,0.438612,2.176124,1193.000000,1.024171
r0345_tau10_alpha0p8_sigma0p6_beta0p15_bpe100,0,sweeps/20260201_214318/json/r0345_tau10_alpha0p8_sigma0p6_beta0p15_bpe100.json,sweeps/20260201_214318/logs/r0345_tau10_alpha0p8_sigma0p6_beta0p15_bpe100.out,sweeps/20260201_214318/logs/r0345_tau10_alpha0p8_sigma0p6_beta0p15_bpe100.err,2132.930,10,0.8,0.6,0.15,100,1141787.000000,213886.000000,414290.000000,2.756009,0.362844,1.936966,0.455336,2.228724,1183.000000,1141787.000000,213886.000000,465779.000000,2.451349,0.407939,2.177697,0.468221,1.982352,1196.000000,1.124283
r0343_tau10_alpha0p8_sigma0p6_beta0p1_bpe300,0,sweeps/20260201_214318/json/r0343_tau10_alpha0p8_sigma0p6_beta0p1_bpe300.json,sweeps/20260201_214318/logs/r0343_tau10_alpha0p8_sigma0p6_beta0p1_bpe300.out,sweeps/20260201_214318/logs/r0343_tau10_alpha0p8_sigma0p6_beta0p1_bpe300.err,2303.473,10,0.8,0.6,0.1,300,1141787.000000,213886.000000,414290.000000,2.756009,0.362844,1.936966,0.455336,2.228724,1183.000000,1141787.000000,213886.000000,431960.000000,2.643270,0.378319,2.019581,0.442497,2.137554,1206.000000,1.042651
r0346_tau10_alpha0p8_sigma0p6_beta0p15_bpe200,0,sweeps/20260201_214318/json/r0346_tau10_alpha0p8_sigma0p6_beta0p15_bpe200.json,sweeps/20260201_214318/logs/r0346_tau10_alpha0p8_sigma0p6_beta0p15_bpe200.out,sweeps/20260201_214318/logs/r0346_tau10_alpha0p8_sigma0p6_beta0p15_bpe200.err,2212.699,10,0.8,0.6,0.15,200,1141787.000000,213886.000000,414290.000000,2.756009,0.362844,1.936966,0.455336,2.228724,1183.000000,1141787.000000,213886.000000,441309.000000,2.587273,0.386507,2.063291,0.449487,2.092271,1194.000000,1.065218
r0344_tau10_alpha0p8_sigma0p6_beta0p1_bpe400,0,sweeps/20260201_214318/json/r0344_tau10_alpha0p8_sigma0p6_beta0p1_bpe400.json,sweeps/20260201_214318/logs/r0344_tau10_alpha0p8_sigma0p6_beta0p1_bpe400.out,sweeps/20260201_214318/logs/r0344_tau10_alpha0p8_sigma0p6_beta0p1_bpe400.err,2341.228,10,0.8,0.6,0.1,400,1141787.000000,213886.000000,414290.000000,2.756009,0.362844,1.936966,0.455336,2.228724,1183.000000,1141787.000000,213886.000000,424250.000000,2.691307,0.371567,1.983533,0.438308,2.176401,1192.000000,1.024041
r0347_tau10_alpha0p8_sigma0p6_beta0p15_bpe300,0,sweeps/20260201_214318/json/r0347_tau10_alpha0p8_sigma0p6_beta0p15_bpe300.json,sweeps/20260201_214318/logs/r0347_tau10_alpha0p8_sigma0p6_beta0p15_bpe300.out,sweeps/20260201_214318/logs/r0347_tau10_alpha0p8_sigma0p6_beta0p15_bpe300.err,2277.343,10,0.8,0.6,0.15,300,1141787.000000,213886.000000,414290.000000,2.756009,0.362844,1.936966,0.455336,2.228724,1183.000000,1141787.000000,213886.000000,431572.000000,2.645647,0.377979,2.017766,0.442493,2.139476,1206.000000,1.041715
r0349_tau10_alpha0p8_sigma0p6_beta0p2_bpe100,0,sweeps/20260201_214318/json/r0349_tau10_alpha0p8_sigma0p6_beta0p2_bpe100.json,sweeps/20260201_214318/logs/r0349_tau10_alpha0p8_sigma0p6_beta0p2_bpe100.out,sweeps/20260201_214318/logs/r0349_tau10_alpha0p8_sigma0p6_beta0p2_bpe100.err,2158.196,10,0.8,0.6,0.2,100,1141787.000000,213886.000000,414290.000000,2.756009,0.362844,1.936966,0.455336,2.228724,1183.000000,1141787.000000,213886.000000,465567.000000,2.452465,0.407753,2.176706,0.467735,1.983255,1198.000000,1.123771
r0350_tau10_alpha0p8_sigma0p6_beta0p2_bpe200,0,sweeps/20260201_214318/json/r0350_tau10_alpha0p8_sigma0p6_beta0p2_bpe200.json,sweeps/20260201_214318/logs/r0350_tau10_alpha0p8_sigma0p6_beta0p2_bpe200.out,sweeps/20260201_214318/logs/r0350_tau10_alpha0p8_sigma0p6_beta0p2_bpe200.err,2211.373,10,0.8,0.6,0.2,200,1141787.000000,213886.000000,414290.000000,2.756009,0.362844,1.936966,0.455336,2.228724,1183.000000,1141787.000000,213886.000000,441439.000000,2.586511,0.386621,2.063899,0.450357,2.091655,1195.000000,1.065531
r0348_tau10_alpha0p8_sigma0p6_beta0p15_bpe400,0,sweeps/20260201_214318/json/r0348_tau10_alpha0p8_sigma0p6_beta0p15_bpe400.json,sweeps/20260201_214318/logs/r0348_tau10_alpha0p8_sigma0p6_beta0p15_bpe400.out,sweeps/20260201_214318/logs/r0348_tau10_alpha0p8_sigma0p6_beta0p15_bpe400.err,2368.449,10,0.8,0.6,0.15,400,1141787.000000,213886.000000,414290.000000,2.756009,0.362844,1.936966,0.455336,2.228724,1183.000000,1141787.000000,213886.000000,424359.000000,2.690616,0.371662,1.984043,0.439332,2.175842,1189.000000,1.024304
r0351_tau10_alpha0p8_sigma0p6_beta0p2_bpe300,0,sweeps/20260201_214318/json/r0351_tau10_alpha0p8_sigma0p6_beta0p2_bpe300.json,sweeps/20260201_214318/logs/r0351_tau10_alpha0p8_sigma0p6_beta0p2_bpe300.out,sweeps/20260201_214318/logs/r0351_tau10_alpha0p8_sigma0p6_beta0p2_bpe300.err,2281.623,10,0.8,0.6,0.2,300,1141787.000000,213886.000000,414290.000000,2.756009,0.362844,1.936966,0.455336,2.228724,1183.000000,1141787.000000,213886.000000,431557.000000,2.645739,0.377966,2.017696,0.442006,2.139551,1203.000000,1.041679
r0353_tau10_alpha0p8_sigma0p8_beta0p01_bpe100,0,sweeps/20260201_214318/json/r0353_tau10_alpha0p8_sigma0p8_beta0p01_bpe100.json,sweeps/20260201_214318/logs/r0353_tau10_alpha0p8_sigma0p8_beta0p01_bpe100.out,sweeps/20260201_214318/logs/r0353_tau10_alpha0p8_sigma0p8_beta0p01_bpe100.err,2184.683,10,0.8,0.8,0.01,100,1141787.000000,213886.000000,414290.000000,2.756009,0.362844,1.936966,0.455336,2.228724,1183.000000,1141787.000000,213886.000000,465517.000000,2.452729,0.407709,2.176473,0.467712,1.983468,1204.000000,1.123650
r0352_tau10_alpha0p8_sigma0p6_beta0p2_bpe400,0,sweeps/20260201_214318/json/r0352_tau10_alpha0p8_sigma0p6_beta0p2_bpe400.json,sweeps/20260201_214318/logs/r0352_tau10_alpha0p8_sigma0p6_beta0p2_bpe400.out,sweeps/20260201_214318/logs/r0352_tau10_alpha0p8_sigma0p6_beta0p2_bpe400.err,2351.039,10,0.8,0.6,0.2,400,1141787.000000,213886.000000,414290.000000,2.756009,0.362844,1.936966,0.455336,2.228724,1183.000000,1141787.000000,213886.000000,424295.000000,2.691022,0.371606,1.983744,0.439332,2.176170,1189.000000,1.024150
r0354_tau10_alpha0p8_sigma0p8_beta0p01_bpe200,0,sweeps/20260201_214318/json/r0354_tau10_alpha0p8_sigma0p8_beta0p01_bpe200.json,sweeps/20260201_214318/logs/r0354_tau10_alpha0p8_sigma0p8_beta0p01_bpe200.out,sweeps/20260201_214318/logs/r0354_tau10_alpha0p8_sigma0p8_beta0p01_bpe200.err,2230.681,10,0.8,0.8,0.01,200,1141787.000000,213886.000000,414290.000000,2.756009,0.362844,1.936966,0.455336,2.228724,1183.000000,1141787.000000,213886.000000,441637.000000,2.585352,0.386795,2.064824,0.447883,2.090717,1192.000000,1.066009
r0357_tau10_alpha0p8_sigma0p8_beta0p1_bpe100,0,sweeps/20260201_214318/json/r0357_tau10_alpha0p8_sigma0p8_beta0p1_bpe100.json,sweeps/20260201_214318/logs/r0357_tau10_alpha0p8_sigma0p8_beta0p1_bpe100.out,sweeps/20260201_214318/logs/r0357_tau10_alpha0p8_sigma0p8_beta0p1_bpe100.err,2127.541,10,0.8,0.8,0.1,100,1141787.000000,213886.000000,414290.000000,2.756009,0.362844,1.936966,0.455336,2.228724,1183.000000,1141787.000000,213886.000000,465622.000000,2.452176,0.407801,2.176963,0.467338,1.983021,1195.000000,1.123904
r0355_tau10_alpha0p8_sigma0p8_beta0p01_bpe300,0,sweeps/20260201_214318/json/r0355_tau10_alpha0p8_sigma0p8_beta0p01_bpe300.json,sweeps/20260201_214318/logs/r0355_tau10_alpha0p8_sigma0p8_beta0p01_bpe300.out,sweeps/20260201_214318/logs/r0355_tau10_alpha0p8_sigma0p8_beta0p01_bpe300.err,2256.075,10,0.8,0.8,0.01,300,1141787.000000,213886.000000,414290.000000,2.756009,0.362844,1.936966,0.455336,2.228724,1183.000000,1141787.000000,213886.000000,432183.000000,2.641906,0.378515,2.020623,0.443400,2.136451,1202.000000,1.043190
r0356_tau10_alpha0p8_sigma0p8_beta0p01_bpe400,0,sweeps/20260201_214318/json/r0356_tau10_alpha0p8_sigma0p8_beta0p01_bpe400.json,sweeps/20260201_214318/logs/r0356_tau10_alpha0p8_sigma0p8_beta0p01_bpe400.out,sweeps/20260201_214318/logs/r0356_tau10_alpha0p8_sigma0p8_beta0p01_bpe400.err,2338.512,10,0.8,0.8,0.01,400,1141787.000000,213886.000000,414290.000000,2.756009,0.362844,1.936966,0.455336,2.228724,1183.000000,1141787.000000,213886.000000,424304.000000,2.690964,0.371614,1.983786,0.438612,2.176124,1193.000000,1.024171
r0358_tau10_alpha0p8_sigma0p8_beta0p1_bpe200,0,sweeps/20260201_214318/json/r0358_tau10_alpha0p8_sigma0p8_beta0p1_bpe200.json,sweeps/20260201_214318/logs/r0358_tau10_alpha0p8_sigma0p8_beta0p1_bpe200.out,sweeps/20260201_214318/logs/r0358_tau10_alpha0p8_sigma0p8_beta0p1_bpe200.err,2212.545,10,0.8,0.8,0.1,200,1141787.000000,213886.000000,414290.000000,2.756009,0.362844,1.936966,0.455336,2.228724,1183.000000,1141787.000000,213886.000000,441246.000000,2.587643,0.386452,2.062996,0.448449,2.092570,1195.000000,1.065066
r0361_tau10_alpha0p8_sigma0p8_beta0p15_bpe100,0,sweeps/20260201_214318/json/r0361_tau10_alpha0p8_sigma0p8_beta0p15_bpe100.json,sweeps/20260201_214318/logs/r0361_tau10_alpha0p8_sigma0p8_beta0p15_bpe100.out,sweeps/20260201_214318/logs/r0361_tau10_alpha0p8_sigma0p8_beta0p15_bpe100.err,2173.975,10,0.8,0.8,0.15,100,1141787.000000,213886.000000,414290.000000,2.756009,0.362844,1.936966,0.455336,2.228724,1183.000000,1141787.000000,213886.000000,465779.000000,2.451349,0.407939,2.177697,0.468221,1.982352,1196.000000,1.124283
r0359_tau10_alpha0p8_sigma0p8_beta0p1_bpe300,0,sweeps/20260201_214318/json/r0359_tau10_alpha0p8_sigma0p8_beta0p1_bpe300.json,sweeps/20260201_214318/logs/r0359_tau10_alpha0p8_sigma0p8_beta0p1_bpe300.out,sweeps/20260201_214318/logs/r0359_tau10_alpha0p8_sigma0p8_beta0p1_bpe300.err,2300.803,10,0.8,0.8,0.1,300,1141787.000000,213886.000000,414290.000000,2.756009,0.362844,1.936966,0.455336,2.228724,1183.000000,1141787.000000,213886.000000,431960.000000,2.643270,0.378319,2.019581,0.442497,2.137554,1206.000000,1.042651
r0362_tau10_alpha0p8_sigma0p8_beta0p15_bpe200,0,sweeps/20260201_214318/json/r0362_tau10_alpha0p8_sigma0p8_beta0p15_bpe200.json,sweeps/20260201_214318/logs/r0362_tau10_alpha0p8_sigma0p8_beta0p15_bpe200.out,sweeps/20260201_214318/logs/r0362_tau10_alpha0p8_sigma0p8_beta0p15_bpe200.err,2216.884,10,0.8,0.8,0.15,200,1141787.000000,213886.000000,414290.000000,2.756009,0.362844,1.936966,0.455336,2.228724,1183.000000,1141787.000000,213886.000000,441309.000000,2.587273,0.386507,2.063291,0.449487,2.092271,1194.000000,1.065218
r0365_tau10_alpha0p8_sigma0p8_beta0p2_bpe100,0,sweeps/20260201_214318/json/r0365_tau10_alpha0p8_sigma0p8_beta0p2_bpe100.json,sweeps/20260201_214318/logs/r0365_tau10_alpha0p8_sigma0p8_beta0p2_bpe100.out,sweeps/20260201_214318/logs/r0365_tau10_alpha0p8_sigma0p8_beta0p2_bpe100.err,2160.779,10,0.8,0.8,0.2,100,1141787.000000,213886.000000,414290.000000,2.756009,0.362844,1.936966,0.455336,2.228724,1183.000000,1141787.000000,213886.000000,465567.000000,2.452465,0.407753,2.176706,0.467735,1.983255,1198.000000,1.123771
r0360_tau10_alpha0p8_sigma0p8_beta0p1_bpe400,0,sweeps/20260201_214318/json/r0360_tau10_alpha0p8_sigma0p8_beta0p1_bpe400.json,sweeps/20260201_214318/logs/r0360_tau10_alpha0p8_sigma0p8_beta0p1_bpe400.out,sweeps/20260201_214318/logs/r0360_tau10_alpha0p8_sigma0p8_beta0p1_bpe400.err,2391.745,10,0.8,0.8,0.1,400,1141787.000000,213886.000000,414290.000000,2.756009,0.362844,1.936966,0.455336,2.228724,1183.000000,1141787.000000,213886.000000,424250.000000,2.691307,0.371567,1.983533,0.438308,2.176401,1192.000000,1.024041
r0363_tau10_alpha0p8_sigma0p8_beta0p15_bpe300,0,sweeps/20260201_214318/json/r0363_tau10_alpha0p8_sigma0p8_beta0p15_bpe300.json,sweeps/20260201_214318/logs/r0363_tau10_alpha0p8_sigma0p8_beta0p15_bpe300.out,sweeps/20260201_214318/logs/r0363_tau10_alpha0p8_sigma0p8_beta0p15_bpe300.err,2296.983,10,0.8,0.8,0.15,300,1141787.000000,213886.000000,414290.000000,2.756009,0.362844,1.936966,0.455336,2.228724,1183.000000,1141787.000000,213886.000000,431572.000000,2.645647,0.377979,2.017766,0.442493,2.139476,1206.000000,1.041715
r0366_tau10_alpha0p8_sigma0p8_beta0p2_bpe200,0,sweeps/20260201_214318/json/r0366_tau10_alpha0p8_sigma0p8_beta0p2_bpe200.json,sweeps/20260201_214318/logs/r0366_tau10_alpha0p8_sigma0p8_beta0p2_bpe200.out,sweeps/20260201_214318/logs/r0366_tau10_alpha0p8_sigma0p8_beta0p2_bpe200.err,2205.878,10,0.8,0.8,0.2,200,1141787.000000,213886.000000,414290.000000,2.756009,0.362844,1.936966,0.455336,2.228724,1183.000000,1141787.000000,213886.000000,441439.000000,2.586511,0.386621,2.063899,0.450357,2.091655,1195.000000,1.065531
r0364_tau10_alpha0p8_sigma0p8_beta0p15_bpe400,0,sweeps/20260201_214318/json/r0364_tau10_alpha0p8_sigma0p8_beta0p15_bpe400.json,sweeps/20260201_214318/logs/r0364_tau10_alpha0p8_sigma0p8_beta0p15_bpe400.out,sweeps/20260201_214318/logs/r0364_tau10_alpha0p8_sigma0p8_beta0p15_bpe400.err,2353.500,10,0.8,0.8,0.15,400,1141787.000000,213886.000000,414290.000000,2.756009,0.362844,1.936966,0.455336,2.228724,1183.000000,1141787.000000,213886.000000,424359.000000,2.690616,0.371662,1.984043,0.439332,2.175842,1189.000000,1.024304
r0367_tau10_alpha0p8_sigma0p8_beta0p2_bpe300,0,sweeps/20260201_214318/json/r0367_tau10_alpha0p8_sigma0p8_beta0p2_bpe300.json,sweeps/20260201_214318/logs/r0367_tau10_alpha0p8_sigma0p8_beta0p2_bpe300.out,sweeps/20260201_214318/logs/r0367_tau10_alpha0p8_sigma0p8_beta0p2_bpe300.err,2258.632,10,0.8,0.8,0.2,300,1141787.000000,213886.000000,414290.000000,2.756009,0.362844,1.936966,0.455336,2.228724,1183.000000,1141787.000000,213886.000000,431557.000000,2.645739,0.377966,2.017696,0.442006,2.139551,1203.000000,1.041679
r0369_tau10_alpha0p8_sigma1_beta0p01_bpe100,0,sweeps/20260201_214318/json/r0369_tau10_alpha0p8_sigma1_beta0p01_bpe100.json,sweeps/20260201_214318/logs/r0369_tau10_alpha0p8_sigma1_beta0p01_bpe100.out,sweeps/20260201_214318/logs/r0369_tau10_alpha0p8_sigma1_beta0p01_bpe100.err,2126.373,10,0.8,1.0,0.01,100,1141787.000000,213886.000000,414290.000000,2.756009,0.362844,1.936966,0.455336,2.228724,1183.000000,1141787.000000,213886.000000,465517.000000,2.452729,0.407709,2.176473,0.467712,1.983468,1204.000000,1.123650
r0368_tau10_alpha0p8_sigma0p8_beta0p2_bpe400,0,sweeps/20260201_214318/json/r0368_tau10_alpha0p8_sigma0p8_beta0p2_bpe400.json,sweeps/20260201_214318/logs/r0368_tau10_alpha0p8_sigma0p8_beta0p2_bpe400.out,sweeps/20260201_214318/logs/r0368_tau10_alpha0p8_sigma0p8_beta0p2_bpe400.err,2397.625,10,0.8,0.8,0.2,400,1141787.000000,213886.000000,414290.000000,2.756009,0.362844,1.936966,0.455336,2.228724,1183.000000,1141787.000000,213886.000000,424295.000000,2.691022,0.371606,1.983744,0.439332,2.176170,1189.000000,1.024150
r0370_tau10_alpha0p8_sigma1_beta0p01_bpe200,0,sweeps/20260201_214318/json/r0370_tau10_alpha0p8_sigma1_beta0p01_bpe200.json,sweeps/20260201_214318/logs/r0370_tau10_alpha0p8_sigma1_beta0p01_bpe200.out,sweeps/20260201_214318/logs/r0370_tau10_alpha0p8_sigma1_beta0p01_bpe200.err,2247.705,10,0.8,1.0,0.01,200,1141787.000000,213886.000000,414290.000000,2.756009,0.362844,1.936966,0.455336,2.228724,1183.000000,1141787.000000,213886.000000,441637.000000,2.585352,0.386795,2.064824,0.447883,2.090717,1192.000000,1.066009
r0373_tau10_alpha0p8_sigma1_beta0p1_bpe100,0,sweeps/20260201_214318/json/r0373_tau10_alpha0p8_sigma1_beta0p1_bpe100.json,sweeps/20260201_214318/logs/r0373_tau10_alpha0p8_sigma1_beta0p1_bpe100.out,sweeps/20260201_214318/logs/r0373_tau10_alpha0p8_sigma1_beta0p1_bpe100.err,2128.279,10,0.8,1.0,0.1,100,1141787.000000,213886.000000,414290.000000,2.756009,0.362844,1.936966,0.455336,2.228724,1183.000000,1141787.000000,213886.000000,465622.000000,2.452176,0.407801,2.176963,0.467338,1.983021,1195.000000,1.123904
r0371_tau10_alpha0p8_sigma1_beta0p01_bpe300,0,sweeps/20260201_214318/json/r0371_tau10_alpha0p8_sigma1_beta0p01_bpe300.json,sweeps/20260201_214318/logs/r0371_tau10_alpha0p8_sigma1_beta0p01_bpe300.out,sweeps/20260201_214318/logs/r0371_tau10_alpha0p8_sigma1_beta0p01_bpe300.err,2249.268,10,0.8,1.0,0.01,300,1141787.000000,213886.000000,414290.000000,2.756009,0.362844,1.936966,0.455336,2.228724,1183.000000,1141787.000000,213886.000000,432183.000000,2.641906,0.378515,2.020623,0.443400,2.136451,1202.000000,1.043190
r0372_tau10_alpha0p8_sigma1_beta0p01_bpe400,0,sweeps/20260201_214318/json/r0372_tau10_alpha0p8_sigma1_beta0p01_bpe400.json,sweeps/20260201_214318/logs/r0372_tau10_alpha0p8_sigma1_beta0p01_bpe400.out,sweeps/20260201_214318/logs/r0372_tau10_alpha0p8_sigma1_beta0p01_bpe400.err,2346.690,10,0.8,1.0,0.01,400,1141787.000000,213886.000000,414290.000000,2.756009,0.362844,1.936966,0.455336,2.228724,1183.000000,1141787.000000,213886.000000,424304.000000,2.690964,0.371614,1.983786,0.438612,2.176124,1193.000000,1.024171
r0374_tau10_alpha0p8_sigma1_beta0p1_bpe200,0,sweeps/20260201_214318/json/r0374_tau10_alpha0p8_sigma1_beta0p1_bpe200.json,sweeps/20260201_214318/logs/r0374_tau10_alpha0p8_sigma1_beta0p1_bpe200.out,sweeps/20260201_214318/logs/r0374_tau10_alpha0p8_sigma1_beta0p1_bpe200.err,2243.741,10,0.8,1.0,0.1,200,1141787.000000,213886.000000,414290.000000,2.756009,0.362844,1.936966,0.455336,2.228724,1183.000000,1141787.000000,213886.000000,441246.000000,2.587643,0.386452,2.062996,0.448449,2.092570,1195.000000,1.065066
r0377_tau10_alpha0p8_sigma1_beta0p15_bpe100,0,sweeps/20260201_214318/json/r0377_tau10_alpha0p8_sigma1_beta0p15_bpe100.json,sweeps/20260201_214318/logs/r0377_tau10_alpha0p8_sigma1_beta0p15_bpe100.out,sweeps/20260201_214318/logs/r0377_tau10_alpha0p8_sigma1_beta0p15_bpe100.err,2152.266,10,0.8,1.0,0.15,100,1141787.000000,213886.000000,414290.000000,2.756009,0.362844,1.936966,0.455336,2.228724,1183.000000,1141787.000000,213886.000000,465779.000000,2.451349,0.407939,2.177697,0.468221,1.982352,1196.000000,1.124283
r0375_tau10_alpha0p8_sigma1_beta0p1_bpe300,0,sweeps/20260201_214318/json/r0375_tau10_alpha0p8_sigma1_beta0p1_bpe300.json,sweeps/20260201_214318/logs/r0375_tau10_alpha0p8_sigma1_beta0p1_bpe300.out,sweeps/20260201_214318/logs/r0375_tau10_alpha0p8_sigma1_beta0p1_bpe300.err,2318.277,10,0.8,1.0,0.1,300,1141787.000000,213886.000000,414290.000000,2.756009,0.362844,1.936966,0.455336,2.228724,1183.000000,1141787.000000,213886.000000,431960.000000,2.643270,0.378319,2.019581,0.442497,2.137554,1206.000000,1.042651
r0381_tau10_alpha0p8_sigma1_beta0p2_bpe100,0,sweeps/20260201_214318/json/r0381_tau10_alpha0p8_sigma1_beta0p2_bpe100.json,sweeps/20260201_214318/logs/r0381_tau10_alpha0p8_sigma1_beta0p2_bpe100.out,sweeps/20260201_214318/logs/r0381_tau10_alpha0p8_sigma1_beta0p2_bpe100.err,2127.167,10,0.8,1.0,0.2,100,1141787.000000,213886.000000,414290.000000,2.756009,0.362844,1.936966,0.455336,2.228724,1183.000000,1141787.000000,213886.000000,465567.000000,2.452465,0.407753,2.176706,0.467735,1.983255,1198.000000,1.123771
r0376_tau10_alpha0p8_sigma1_beta0p1_bpe400,0,sweeps/20260201_214318/json/r0376_tau10_alpha0p8_sigma1_beta0p1_bpe400.json,sweeps/20260201_214318/logs/r0376_tau10_alpha0p8_sigma1_beta0p1_bpe400.out,sweeps/20260201_214318/logs/r0376_tau10_alpha0p8_sigma1_beta0p1_bpe400.err,2328.556,10,0.8,1.0,0.1,400,1141787.000000,213886.000000,414290.000000,2.756009,0.362844,1.936966,0.455336,2.228724,1183.000000,1141787.000000,213886.000000,424250.000000,2.691307,0.371567,1.983533,0.438308,2.176401,1192.000000,1.024041
r0378_tau10_alpha0p8_sigma1_beta0p15_bpe200,0,sweeps/20260201_214318/json/r0378_tau10_alpha0p8_sigma1_beta0p15_bpe200.json,sweeps/20260201_214318/logs/r0378_tau10_alpha0p8_sigma1_beta0p15_bpe200.out,sweeps/20260201_214318/logs/r0378_tau10_alpha0p8_sigma1_beta0p15_bpe200.err,2246.526,10,0.8,1.0,0.15,200,1141787.000000,213886.000000,414290.000000,2.756009,0.362844,1.936966,0.455336,2.228724,1183.000000,1141787.000000,213886.000000,441309.000000,2.587273,0.386507,2.063291,0.449487,2.092271,1194.000000,1.065218
r0382_tau10_alpha0p8_sigma1_beta0p2_bpe200,0,sweeps/20260201_214318/json/r0382_tau10_alpha0p8_sigma1_beta0p2_bpe200.json,sweeps/20260201_214318/logs/r0382_tau10_alpha0p8_sigma1_beta0p2_bpe200.out,sweeps/20260201_214318/logs/r0382_tau10_alpha0p8_sigma1_beta0p2_bpe200.err,2198.589,10,0.8,1.0,0.2,200,1141787.000000,213886.000000,414290.000000,2.756009,0.362844,1.936966,0.455336,2.228724,1183.000000,1141787.000000,213886.000000,441439.000000,2.586511,0.386621,2.063899,0.450357,2.091655,1195.000000,1.065531
r0379_tau10_alpha0p8_sigma1_beta0p15_bpe300,0,sweeps/20260201_214318/json/r0379_tau10_alpha0p8_sigma1_beta0p15_bpe300.json,sweeps/20260201_214318/logs/r0379_tau10_alpha0p8_sigma1_beta0p15_bpe300.out,sweeps/20260201_214318/logs/r0379_tau10_alpha0p8_sigma1_beta0p15_bpe300.err,2335.723,10,0.8,1.0,0.15,300,1141787.000000,213886.000000,414290.000000,2.756009,0.362844,1.936966,0.455336,2.228724,1183.000000,1141787.000000,213886.000000,431572.000000,2.645647,0.377979,2.017766,0.442493,2.139476,1206.000000,1.041715
r0380_tau10_alpha0p8_sigma1_beta0p15_bpe400,0,sweeps/20260201_214318/json/r0380_tau10_alpha0p8_sigma1_beta0p15_bpe400.json,sweeps/20260201_214318/logs/r0380_tau10_alpha0p8_sigma1_beta0p15_bpe400.out,sweeps/20260201_214318/logs/r0380_tau10_alpha0p8_sigma1_beta0p15_bpe400.err,2363.212,10,0.8,1.0,0.15,400,1141787.000000,213886.000000,414290.000000,2.756009,0.362844,1.936966,0.455336,2.228724,1183.000000,1141787.000000,213886.000000,424359.000000,2.690616,0.371662,1.984043,0.439332,2.175842,1189.000000,1.024304
r0383_tau10_alpha0p8_sigma1_beta0p2_bpe300,0,sweeps/20260201_214318/json/r0383_tau10_alpha0p8_sigma1_beta0p2_bpe300.json,sweeps/20260201_214318/logs/r0383_tau10_alpha0p8_sigma1_beta0p2_bpe300.out,sweeps/20260201_214318/logs/r0383_tau10_alpha0p8_sigma1_beta0p2_bpe300.err,2265.310,10,0.8,1.0,0.2,300,1141787.000000,213886.000000,414290.000000,2.756009,0.362844,1.936966,0.455336,2.228724,1183.000000,1141787.000000,213886.000000,431557.000000,2.645739,0.377966,2.017696,0.442006,2.139551,1203.000000,1.041679
r0385_tau15_alpha0p4_sigma0p4_beta0p01_bpe100,0,sweeps/20260201_214318/json/r0385_tau15_alpha0p4_sigma0p4_beta0p01_bpe100.json,sweeps/20260201_214318/logs/r0385_tau15_alpha0p4_sigma0p4_beta0p01_bpe100.out,sweeps/20260201_214318/logs/r0385_tau15_alpha0p4_sigma0p4_beta0p01_bpe100.err,2142.039,15,0.4,0.4,0.01,100,1141787.000000,213886.000000,414290.000000,2.756009,0.362844,1.936966,0.455336,2.228724,1183.000000,1141787.000000,213886.000000,466111.000000,2.449603,0.408229,2.179250,0.466323,1.980940,1196.000000,1.125084
r0384_tau10_alpha0p8_sigma1_beta0p2_bpe400,0,sweeps/20260201_214318/json/r0384_tau10_alpha0p8_sigma1_beta0p2_bpe400.json,sweeps/20260201_214318/logs/r0384_tau10_alpha0p8_sigma1_beta0p2_bpe400.out,sweeps/20260201_214318/logs/r0384_tau10_alpha0p8_sigma1_beta0p2_bpe400.err,2354.281,10,0.8,1.0,0.2,400,1141787.000000,213886.000000,414290.000000,2.756009,0.362844,1.936966,0.455336,2.228724,1183.000000,1141787.000000,213886.000000,424295.000000,2.691022,0.371606,1.983744,0.439332,2.176170,1189.000000,1.024150
r0386_tau15_alpha0p4_sigma0p4_beta0p01_bpe200,0,sweeps/20260201_214318/json/r0386_tau15_alpha0p4_sigma0p4_beta0p01_bpe200.json,sweeps/20260201_214318/logs/r0386_tau15_alpha0p4_sigma0p4_beta0p01_bpe200.out,sweeps/20260201_214318/logs/r0386_tau15_alpha0p4_sigma0p4_beta0p01_bpe200.err,2166.506,15,0.4,0.4,0.01,200,1141787.000000,213886.000000,414290.000000,2.756009,0.362844,1.936966,0.455336,2.228724,1183.000000,1141787.000000,213886.000000,441189.000000,2.587977,0.386402,2.062730,0.447855,2.092840,1191.000000,1.064928
r0387_tau15_alpha0p4_sigma0p4_beta0p01_bpe300,0,sweeps/20260201_214318/json/r0387_tau15_alpha0p4_sigma0p4_beta0p01_bpe300.json,sweeps/20260201_214318/logs/r0387_tau15_alpha0p4_sigma0p4_beta0p01_bpe300.out,sweeps/20260201_214318/logs/r0387_tau15_alpha0p4_sigma0p4_beta0p01_bpe300.err,2297.470,15,0.4,0.4,0.01,300,1141787.000000,213886.000000,414290.000000,2.756009,0.362844,1.936966,0.455336,2.228724,1183.000000,1141787.000000,213886.000000,432677.000000,2.638890,0.378947,2.022933,0.438813,2.134012,1202.000000,1.044382
r0389_tau15_alpha0p4_sigma0p4_beta0p1_bpe100,0,sweeps/20260201_214318/json/r0389_tau15_alpha0p4_sigma0p4_beta0p1_bpe100.json,sweeps/20260201_214318/logs/r0389_tau15_alpha0p4_sigma0p4_beta0p1_bpe100.out,sweeps/20260201_214318/logs/r0389_tau15_alpha0p4_sigma0p4_beta0p1_bpe100.err,2179.963,15,0.4,0.4,0.1,100,1141787.000000,213886.000000,414290.000000,2.756009,0.362844,1.936966,0.455336,2.228724,1183.000000,1141787.000000,213886.000000,465283.000000,2.453962,0.407504,2.175378,0.466449,1.984465,1197.000000,1.123085
r0390_tau15_alpha0p4_sigma0p4_beta0p1_bpe200,0,sweeps/20260201_214318/json/r0390_tau15_alpha0p4_sigma0p4_beta0p1_bpe200.json,sweeps/20260201_214318/logs/r0390_tau15_alpha0p4_sigma0p4_beta0p1_bpe200.out,sweeps/20260201_214318/logs/r0390_tau15_alpha0p4_sigma0p4_beta0p1_bpe200.err,2229.514,15,0.4,0.4,0.1,200,1141787.000000,213886.000000,414290.000000,2.756009,0.362844,1.936966,0.455336,2.228724,1183.000000,1141787.000000,213886.000000,441357.000000,2.586992,0.386549,2.063515,0.447173,2.092043,1193.000000,1.065333
r0388_tau15_alpha0p4_sigma0p4_beta0p01_bpe400,0,sweeps/20260201_214318/json/r0388_tau15_alpha0p4_sigma0p4_beta0p01_bpe400.json,sweeps/20260201_214318/logs/r0388_tau15_alpha0p4_sigma0p4_beta0p01_bpe400.out,sweeps/20260201_214318/logs/r0388_tau15_alpha0p4_sigma0p4_beta0p01_bpe400.err,2359.993,15,0.4,0.4,0.01,400,1141787.000000,213886.000000,414290.000000,2.756009,0.362844,1.936966,0.455336,2.228724,1183.000000,1141787.000000,213886.000000,424994.000000,2.686596,0.372218,1.987012,0.436560,2.172591,1195.000000,1.025837
r0393_tau15_alpha0p4_sigma0p4_beta0p15_bpe100,0,sweeps/20260201_214318/json/r0393_tau15_alpha0p4_sigma0p4_beta0p15_bpe100.json,sweeps/20260201_214318/logs/r0393_tau15_alpha0p4_sigma0p4_beta0p15_bpe100.out,sweeps/20260201_214318/logs/r0393_tau15_alpha0p4_sigma0p4_beta0p15_bpe100.err,2128.675,15,0.4,0.4,0.15,100,1141787.000000,213886.000000,414290.000000,2.756009,0.362844,1.936966,0.455336,2.228724,1183.000000,1141787.000000,213886.000000,465289.000000,2.453931,0.407509,2.175407,0.465098,1.984440,1197.000000,1.123100
r0391_tau15_alpha0p4_sigma0p4_beta0p1_bpe300,0,sweeps/20260201_214318/json/r0391_tau15_alpha0p4_sigma0p4_beta0p1_bpe300.json,sweeps/20260201_214318/logs/r0391_tau15_alpha0p4_sigma0p4_beta0p1_bpe300.out,sweeps/20260201_214318/logs/r0391_tau15_alpha0p4_sigma0p4_beta0p1_bpe300.err,2287.350,15,0.4,0.4,0.1,300,1141787.000000,213886.000000,414290.000000,2.756009,0.362844,1.936966,0.455336,2.228724,1183.000000,1141787.000000,213886.000000,432579.000000,2.639488,0.378861,2.022475,0.440202,2.134496,1200.000000,1.044145
r0394_tau15_alpha0p4_sigma0p4_beta0p15_bpe200,0,sweeps/20260201_214318/json/r0394_tau15_alpha0p4_sigma0p4_beta0p15_bpe200.json,sweeps/20260201_214318/logs/r0394_tau15_alpha0p4_sigma0p4_beta0p15_bpe200.out,sweeps/20260201_214318/logs/r0394_tau15_alpha0p4_sigma0p4_beta0p15_bpe200.err,2189.288,15,0.4,0.4,0.15,200,1141787.000000,213886.000000,414290.000000,2.756009,0.362844,1.936966,0.455336,2.228724,1183.000000,1141787.000000,213886.000000,441465.000000,2.586359,0.386644,2.064020,0.447276,2.091532,1191.000000,1.065594
r0397_tau15_alpha0p4_sigma0p4_beta0p2_bpe100,0,sweeps/20260201_214318/json/r0397_tau15_alpha0p4_sigma0p4_beta0p2_bpe100.json,sweeps/20260201_214318/logs/r0397_tau15_alpha0p4_sigma0p4_beta0p2_bpe100.out,sweeps/20260201_214318/logs/r0397_tau15_alpha0p4_sigma0p4_beta0p2_bpe100.err,2144.187,15,0.4,0.4,0.2,100,1141787.000000,213886.000000,414290.000000,2.756009,0.362844,1.936966,0.455336,2.228724,1183.000000,1141787.000000,213886.000000,465124.000000,2.454801,0.407365,2.174635,0.465290,1.985144,1197.000000,1.122701
r0392_tau15_alpha0p4_sigma0p4_beta0p1_bpe400,0,sweeps/20260201_214318/json/r0392_tau15_alpha0p4_sigma0p4_beta0p1_bpe400.json,sweeps/20260201_214318/logs/r0392_tau15_alpha0p4_sigma0p4_beta0p1_bpe400.out,sweeps/20260201_214318/logs/r0392_tau15_alpha0p4_sigma0p4_beta0p1_bpe400.err,2413.822,15,0.4,0.4,0.1,400,1141787.000000,213886.000000,414290.000000,2.756009,0.362844,1.936966,0.455336,2.228724,1183.000000,1141787.000000,213886.000000,425260.000000,2.684915,0.372451,1.988255,0.437448,2.171232,1193.000000,1.026479
r0395_tau15_alpha0p4_sigma0p4_beta0p15_bpe300,0,sweeps/20260201_214318/json/r0395_tau15_alpha0p4_sigma0p4_beta0p15_bpe300.json,sweeps/20260201_214318/logs/r0395_tau15_alpha0p4_sigma0p4_beta0p15_bpe300.out,sweeps/20260201_214318/logs/r0395_tau15_alpha0p4_sigma0p4_beta0p15_bpe300.err,2344.137,15,0.4,0.4,0.15,300,1141787.000000,213886.000000,414290.000000,2.756009,0.362844,1.936966,0.455336,2.228724,1183.000000,1141787.000000,213886.000000,432634.000000,2.639152,0.378910,2.022732,0.439739,2.134224,1200.000000,1.044278
r0398_tau15_alpha0p4_sigma0p4_beta0p2_bpe200,0,sweeps/20260201_214318/json/r0398_tau15_alpha0p4_sigma0p4_beta0p2_bpe200.json,sweeps/20260201_214318/logs/r0398_tau15_alpha0p4_sigma0p4_beta0p2_bpe200.out,sweeps/20260201_214318/logs/r0398_tau15_alpha0p4_sigma0p4_beta0p2_bpe200.err,2243.025,15,0.4,0.4,0.2,200,1141787.000000,213886.000000,414290.000000,2.756009,0.362844,1.936966,0.455336,2.228724,1183.000000,1141787.000000,213886.000000,441486.000000,2.586236,0.386662,2.064118,0.447299,2.091432,1191.000000,1.065645
r0396_tau15_alpha0p4_sigma0p4_beta0p15_bpe400,0,sweeps/20260201_214318/json/r0396_tau15_alpha0p4_sigma0p4_beta0p15_bpe400.json,sweeps/20260201_214318/logs/r0396_tau15_alpha0p4_sigma0p4_beta0p15_bpe400.out,sweeps/20260201_214318/logs/r0396_tau15_alpha0p4_sigma0p4_beta0p15_bpe400.err,2355.741,15,0.4,0.4,0.15,400,1141787.000000,213886.000000,414290.000000,2.756009,0.362844,1.936966,0.455336,2.228724,1183.000000,1141787.000000,213886.000000,425199.000000,2.685300,0.372398,1.987970,0.437373,2.171543,1193.000000,1.026332
r0399_tau15_alpha0p4_sigma0p4_beta0p2_bpe300,0,sweeps/20260201_214318/json/r0399_tau15_alpha0p4_sigma0p4_beta0p2_bpe300.json,sweeps/20260201_214318/logs/r0399_tau15_alpha0p4_sigma0p4_beta0p2_bpe300.out,sweeps/20260201_214318/logs/r0399_tau15_alpha0p4_sigma0p4_beta0p2_bpe300.err,2263.734,15,0.4,0.4,0.2,300,1141787.000000,213886.000000,414290.000000,2.756009,0.362844,1.936966,0.455336,2.228724,1183.000000,1141787.000000,213886.000000,432398.000000,2.640593,0.378703,2.021628,0.439716,2.135389,1199.000000,1.043709
r0401_tau15_alpha0p4_sigma0p6_beta0p01_bpe100,0,sweeps/20260201_214318/json/r0401_tau15_alpha0p4_sigma0p6_beta0p01_bpe100.json,sweeps/20260201_214318/logs/r0401_tau15_alpha0p4_sigma0p6_beta0p01_bpe100.out,sweeps/20260201_214318/logs/r0401_tau15_alpha0p4_sigma0p6_beta0p01_bpe100.err,2176.435,15,0.4,0.6,0.01,100,1141787.000000,213886.000000,414290.000000,2.756009,0.362844,1.936966,0.455336,2.228724,1183.000000,1141787.000000,213886.000000,466111.000000,2.449603,0.408229,2.179250,0.466323,1.980940,1196.000000,1.125084
r0402_tau15_alpha0p4_sigma0p6_beta0p01_bpe200,0,sweeps/20260201_214318/json/r0402_tau15_alpha0p4_sigma0p6_beta0p01_bpe200.json,sweeps/20260201_214318/logs/r0402_tau15_alpha0p4_sigma0p6_beta0p01_bpe200.out,sweeps/20260201_214318/logs/r0402_tau15_alpha0p4_sigma0p6_beta0p01_bpe200.err,2212.018,15,0.4,0.6,0.01,200,1141787.000000,213886.000000,414290.000000,2.756009,0.362844,1.936966,0.455336,2.228724,1183.000000,1141787.000000,213886.000000,441189.000000,2.587977,0.386402,2.062730,0.447855,2.092840,1191.000000,1.064928
r0400_tau15_alpha0p4_sigma0p4_beta0p2_bpe400,0,sweeps/20260201_214318/json/r0400_tau15_alpha0p4_sigma0p4_beta0p2_bpe400.json,sweeps/20260201_214318/logs/r0400_tau15_alpha0p4_sigma0p4_beta0p2_bpe400.out,sweeps/20260201_214318/logs/r0400_tau15_alpha0p4_sigma0p4_beta0p2_bpe400.err,2315.723,15,0.4,0.4,0.2,400,1141787.000000,213886.000000,414290.000000,2.756009,0.362844,1.936966,0.455336,2.228724,1183.000000,1141787.000000,213886.000000,425100.000000,2.685926,0.372311,1.987507,0.438098,2.172049,1194.000000,1.026093
r0405_tau15_alpha0p4_sigma0p6_beta0p1_bpe100,0,sweeps/20260201_214318/json/r0405_tau15_alpha0p4_sigma0p6_beta0p1_bpe100.json,sweeps/20260201_214318/logs/r0405_tau15_alpha0p4_sigma0p6_beta0p1_bpe100.out,sweeps/20260201_214318/logs/r0405_tau15_alpha0p4_sigma0p6_beta0p1_bpe100.err,2143.059,15,0.4,0.6,0.1,100,1141787.000000,213886.000000,414290.000000,2.756009,0.362844,1.936966,0.455336,2.228724,1183.000000,1141787.000000,213886.000000,465283.000000,2.453962,0.407504,2.175378,0.466449,1.984465,1197.000000,1.123085
r0406_tau15_alpha0p4_sigma0p6_beta0p1_bpe200,0,sweeps/20260201_214318/json/r0406_tau15_alpha0p4_sigma0p6_beta0p1_bpe200.json,sweeps/20260201_214318/logs/r0406_tau15_alpha0p4_sigma0p6_beta0p1_bpe200.out,sweeps/20260201_214318/logs/r0406_tau15_alpha0p4_sigma0p6_beta0p1_bpe200.err,2196.917,15,0.4,0.6,0.1,200,1141787.000000,213886.000000,414290.000000,2.756009,0.362844,1.936966,0.455336,2.228724,1183.000000,1141787.000000,213886.000000,441357.000000,2.586992,0.386549,2.063515,0.447173,2.092043,1193.000000,1.065333
r0404_tau15_alpha0p4_sigma0p6_beta0p01_bpe400,0,sweeps/20260201_214318/json/r0404_tau15_alpha0p4_sigma0p6_beta0p01_bpe400.json,sweeps/20260201_214318/logs/r0404_tau15_alpha0p4_sigma0p6_beta0p01_bpe400.out,sweeps/20260201_214318/logs/r0404_tau15_alpha0p4_sigma0p6_beta0p01_bpe400.err,2312.796,15,0.4,0.6,0.01,400,1141787.000000,213886.000000,414290.000000,2.756009,0.362844,1.936966,0.455336,2.228724,1183.000000,1141787.000000,213886.000000,424994.000000,2.686596,0.372218,1.987012,0.436560,2.172591,1195.000000,1.025837
r0403_tau15_alpha0p4_sigma0p6_beta0p01_bpe300,0,sweeps/20260201_214318/json/r0403_tau15_alpha0p4_sigma0p6_beta0p01_bpe300.json,sweeps/20260201_214318/logs/r0403_tau15_alpha0p4_sigma0p6_beta0p01_bpe300.out,sweeps/20260201_214318/logs/r0403_tau15_alpha0p4_sigma0p6_beta0p01_bpe300.err,2365.417,15,0.4,0.6,0.01,300,1141787.000000,213886.000000,414290.000000,2.756009,0.362844,1.936966,0.455336,2.228724,1183.000000,1141787.000000,213886.000000,432677.000000,2.638890,0.378947,2.022933,0.438813,2.134012,1202.000000,1.044382
r0409_tau15_alpha0p4_sigma0p6_beta0p15_bpe100,0,sweeps/20260201_214318/json/r0409_tau15_alpha0p4_sigma0p6_beta0p15_bpe100.json,sweeps/20260201_214318/logs/r0409_tau15_alpha0p4_sigma0p6_beta0p15_bpe100.out,sweeps/20260201_214318/logs/r0409_tau15_alpha0p4_sigma0p6_beta0p15_bpe100.err,2142.055,15,0.4,0.6,0.15,100,1141787.000000,213886.000000,414290.000000,2.756009,0.362844,1.936966,0.455336,2.228724,1183.000000,1141787.000000,213886.000000,465289.000000,2.453931,0.407509,2.175407,0.465098,1.984440,1197.000000,1.123100
r0407_tau15_alpha0p4_sigma0p6_beta0p1_bpe300,0,sweeps/20260201_214318/json/r0407_tau15_alpha0p4_sigma0p6_beta0p1_bpe300.json,sweeps/20260201_214318/logs/r0407_tau15_alpha0p4_sigma0p6_beta0p1_bpe300.out,sweeps/20260201_214318/logs/r0407_tau15_alpha0p4_sigma0p6_beta0p1_bpe300.err,2336.431,15,0.4,0.6,0.1,300,1141787.000000,213886.000000,414290.000000,2.756009,0.362844,1.936966,0.455336,2.228724,1183.000000,1141787.000000,213886.000000,432579.000000,2.639488,0.378861,2.022475,0.440202,2.134496,1200.000000,1.044145
r0408_tau15_alpha0p4_sigma0p6_beta0p1_bpe400,0,sweeps/20260201_214318/json/r0408_tau15_alpha0p4_sigma0p6_beta0p1_bpe400.json,sweeps/20260201_214318/logs/r0408_tau15_alpha0p4_sigma0p6_beta0p1_bpe400.out,sweeps/20260201_214318/logs/r0408_tau15_alpha0p4_sigma0p6_beta0p1_bpe400.err,2364.848,15,0.4,0.6,0.1,400,1141787.000000,213886.000000,414290.000000,2.756009,0.362844,1.936966,0.455336,2.228724,1183.000000,1141787.000000,213886.000000,425260.000000,2.684915,0.372451,1.988255,0.437448,2.171232,1193.000000,1.026479
r0410_tau15_alpha0p4_sigma0p6_beta0p15_bpe200,0,sweeps/20260201_214318/json/r0410_tau15_alpha0p4_sigma0p6_beta0p15_bpe200.json,sweeps/20260201_214318/logs/r0410_tau15_alpha0p4_sigma0p6_beta0p15_bpe200.out,sweeps/20260201_214318/logs/r0410_tau15_alpha0p4_sigma0p6_beta0p15_bpe200.err,2226.578,15,0.4,0.6,0.15,200,1141787.000000,213886.000000,414290.000000,2.756009,0.362844,1.936966,0.455336,2.228724,1183.000000,1141787.000000,213886.000000,441465.000000,2.586359,0.386644,2.064020,0.447276,2.091532,1191.000000,1.065594
r0413_tau15_alpha0p4_sigma0p6_beta0p2_bpe100,0,sweeps/20260201_214318/json/r0413_tau15_alpha0p4_sigma0p6_beta0p2_bpe100.json,sweeps/20260201_214318/logs/r0413_tau15_alpha0p4_sigma0p6_beta0p2_bpe100.out,sweeps/20260201_214318/logs/r0413_tau15_alpha0p4_sigma0p6_beta0p2_bpe100.err,2166.785,15,0.4,0.6,0.2,100,1141787.000000,213886.000000,414290.000000,2.756009,0.362844,1.936966,0.455336,2.228724,1183.000000,1141787.000000,213886.000000,465130.000000,2.454770,0.407370,2.174663,0.464411,1.985118,1198.000000,1.122716
r0411_tau15_alpha0p4_sigma0p6_beta0p15_bpe300,0,sweeps/20260201_214318/json/r0411_tau15_alpha0p4_sigma0p6_beta0p15_bpe300.json,sweeps/20260201_214318/logs/r0411_tau15_alpha0p4_sigma0p6_beta0p15_bpe300.out,sweeps/20260201_214318/logs/r0411_tau15_alpha0p4_sigma0p6_beta0p15_bpe300.err,2315.633,15,0.4,0.6,0.15,300,1141787.000000,213886.000000,414290.000000,2.756009,0.362844,1.936966,0.455336,2.228724,1183.000000,1141787.000000,213886.000000,432634.000000,2.639152,0.378910,2.022732,0.439739,2.134224,1200.000000,1.044278
r0414_tau15_alpha0p4_sigma0p6_beta0p2_bpe200,0,sweeps/20260201_214318/json/r0414_tau15_alpha0p4_sigma0p6_beta0p2_bpe200.json,sweeps/20260201_214318/logs/r0414_tau15_alpha0p4_sigma0p6_beta0p2_bpe200.out,sweeps/20260201_214318/logs/r0414_tau15_alpha0p4_sigma0p6_beta0p2_bpe200.err,2231.386,15,0.4,0.6,0.2,200,1141787.000000,213886.000000,414290.000000,2.756009,0.362844,1.936966,0.455336,2.228724,1183.000000,1141787.000000,213886.000000,441486.000000,2.586236,0.386662,2.064118,0.447299,2.091432,1191.000000,1.065645
r0412_tau15_alpha0p4_sigma0p6_beta0p15_bpe400,0,sweeps/20260201_214318/json/r0412_tau15_alpha0p4_sigma0p6_beta0p15_bpe400.json,sweeps/20260201_214318/logs/r0412_tau15_alpha0p4_sigma0p6_beta0p15_bpe400.out,sweeps/20260201_214318/logs/r0412_tau15_alpha0p4_sigma0p6_beta0p15_bpe400.err,2381.743,15,0.4,0.6,0.15,400,1141787.000000,213886.000000,414290.000000,2.756009,0.362844,1.936966,0.455336,2.228724,1183.000000,1141787.000000,213886.000000,425199.000000,2.685300,0.372398,1.987970,0.437373,2.171543,1193.000000,1.026332
r0417_tau15_alpha0p4_sigma0p8_beta0p01_bpe100,0,sweeps/20260201_214318/json/r0417_tau15_alpha0p4_sigma0p8_beta0p01_bpe100.json,sweeps/20260201_214318/logs/r0417_tau15_alpha0p4_sigma0p8_beta0p01_bpe100.out,sweeps/20260201_214318/logs/r0417_tau15_alpha0p4_sigma0p8_beta0p01_bpe100.err,2108.382,15,0.4,0.8,0.01,100,1141787.000000,213886.000000,414290.000000,2.756009,0.362844,1.936966,0.455336,2.228724,1183.000000,1141787.000000,213886.000000,466111.000000,2.449603,0.408229,2.179250,0.466323,1.980940,1196.000000,1.125084
r0418_tau15_alpha0p4_sigma0p8_beta0p01_bpe200,0,sweeps/20260201_214318/json/r0418_tau15_alpha0p4_sigma0p8_beta0p01_bpe200.json,sweeps/20260201_214318/logs/r0418_tau15_alpha0p4_sigma0p8_beta0p01_bpe200.out,sweeps/20260201_214318/logs/r0418_tau15_alpha0p4_sigma0p8_beta0p01_bpe200.err,2193.973,15,0.4,0.8,0.01,200,1141787.000000,213886.000000,414290.000000,2.756009,0.362844,1.936966,0.455336,2.228724,1183.000000,1141787.000000,213886.000000,441189.000000,2.587977,0.386402,2.062730,0.447855,2.092840,1191.000000,1.064928
r0415_tau15_alpha0p4_sigma0p6_beta0p2_bpe300,0,sweeps/20260201_214318/json/r0415_tau15_alpha0p4_sigma0p6_beta0p2_bpe300.json,sweeps/20260201_214318/logs/r0415_tau15_alpha0p4_sigma0p6_beta0p2_bpe300.out,sweeps/20260201_214318/logs/r0415_tau15_alpha0p4_sigma0p6_beta0p2_bpe300.err,2293.092,15,0.4,0.6,0.2,300,1141787.000000,213886.000000,414290.000000,2.756009,0.362844,1.936966,0.455336,2.228724,1183.000000,1141787.000000,213886.000000,432398.000000,2.640593,0.378703,2.021628,0.439716,2.135389,1199.000000,1.043709
r0416_tau15_alpha0p4_sigma0p6_beta0p2_bpe400,0,sweeps/20260201_214318/json/r0416_tau15_alpha0p4_sigma0p6_beta0p2_bpe400.json,sweeps/20260201_214318/logs/r0416_tau15_alpha0p4_sigma0p6_beta0p2_bpe400.out,sweeps/20260201_214318/logs/r0416_tau15_alpha0p4_sigma0p6_beta0p2_bpe400.err,2382.622,15,0.4,0.6,0.2,400,1141787.000000,213886.000000,414290.000000,2.756009,0.362844,1.936966,0.455336,2.228724,1183.000000,1141787.000000,213886.000000,425100.000000,2.685926,0.372311,1.987507,0.438098,2.172049,1194.000000,1.026093
r0421_tau15_alpha0p4_sigma0p8_beta0p1_bpe100,0,sweeps/20260201_214318/json/r0421_tau15_alpha0p4_sigma0p8_beta0p1_bpe100.json,sweeps/20260201_214318/logs/r0421_tau15_alpha0p4_sigma0p8_beta0p1_bpe100.out,sweeps/20260201_214318/logs/r0421_tau15_alpha0p4_sigma0p8_beta0p1_bpe100.err,2168.317,15,0.4,0.8,0.1,100,1141787.000000,213886.000000,414290.000000,2.756009,0.362844,1.936966,0.455336,2.228724,1183.000000,1141787.000000,213886.000000,465283.000000,2.453962,0.407504,2.175378,0.466449,1.984465,1197.000000,1.123085
r0419_tau15_alpha0p4_sigma0p8_beta0p01_bpe300,0,sweeps/20260201_214318/json/r0419_tau15_alpha0p4_sigma0p8_beta0p01_bpe300.json,sweeps/20260201_214318/logs/r0419_tau15_alpha0p4_sigma0p8_beta0p01_bpe300.out,sweeps/20260201_214318/logs/r0419_tau15_alpha0p4_sigma0p8_beta0p01_bpe300.err,2335.279,15,0.4,0.8,0.01,300,1141787.000000,213886.000000,414290.000000,2.756009,0.362844,1.936966,0.455336,2.228724,1183.000000,1141787.000000,213886.000000,432677.000000,2.638890,0.378947,2.022933,0.438813,2.134012,1202.000000,1.044382
r0422_tau15_alpha0p4_sigma0p8_beta0p1_bpe200,0,sweeps/20260201_214318/json/r0422_tau15_alpha0p4_sigma0p8_beta0p1_bpe200.json,sweeps/20260201_214318/logs/r0422_tau15_alpha0p4_sigma0p8_beta0p1_bpe200.out,sweeps/20260201_214318/logs/r0422_tau15_alpha0p4_sigma0p8_beta0p1_bpe200.err,2203.392,15,0.4,0.8,0.1,200,1141787.000000,213886.000000,414290.000000,2.756009,0.362844,1.936966,0.455336,2.228724,1183.000000,1141787.000000,213886.000000,441357.000000,2.586992,0.386549,2.063515,0.447173,2.092043,1193.000000,1.065333
r0420_tau15_alpha0p4_sigma0p8_beta0p01_bpe400,0,sweeps/20260201_214318/json/r0420_tau15_alpha0p4_sigma0p8_beta0p01_bpe400.json,sweeps/20260201_214318/logs/r0420_tau15_alpha0p4_sigma0p8_beta0p01_bpe400.out,sweeps/20260201_214318/logs/r0420_tau15_alpha0p4_sigma0p8_beta0p01_bpe400.err,2355.209,15,0.4,0.8,0.01,400,1141787.000000,213886.000000,414290.000000,2.756009,0.362844,1.936966,0.455336,2.228724,1183.000000,1141787.000000,213886.000000,424994.000000,2.686596,0.372218,1.987012,0.436560,2.172591,1195.000000,1.025837
r0423_tau15_alpha0p4_sigma0p8_beta0p1_bpe300,0,sweeps/20260201_214318/json/r0423_tau15_alpha0p4_sigma0p8_beta0p1_bpe300.json,sweeps/20260201_214318/logs/r0423_tau15_alpha0p4_sigma0p8_beta0p1_bpe300.out,sweeps/20260201_214318/logs/r0423_tau15_alpha0p4_sigma0p8_beta0p1_bpe300.err,2270.835,15,0.4,0.8,0.1,300,1141787.000000,213886.000000,414290.000000,2.756009,0.362844,1.936966,0.455336,2.228724,1183.000000,1141787.000000,213886.000000,432579.000000,2.639488,0.378861,2.022475,0.440202,2.134496,1200.000000,1.044145
r0425_tau15_alpha0p4_sigma0p8_beta0p15_bpe100,0,sweeps/20260201_214318/json/r0425_tau15_alpha0p4_sigma0p8_beta0p15_bpe100.json,sweeps/20260201_214318/logs/r0425_tau15_alpha0p4_sigma0p8_beta0p15_bpe100.out,sweeps/20260201_214318/logs/r0425_tau15_alpha0p4_sigma0p8_beta0p15_bpe100.err,2161.044,15,0.4,0.8,0.15,100,1141787.000000,213886.000000,414290.000000,2.756009,0.362844,1.936966,0.455336,2.228724,1183.000000,1141787.000000,213886.000000,465289.000000,2.453931,0.407509,2.175407,0.465098,1.984440,1197.000000,1.123100
r0426_tau15_alpha0p4_sigma0p8_beta0p15_bpe200,0,sweeps/20260201_214318/json/r0426_tau15_alpha0p4_sigma0p8_beta0p15_bpe200.json,sweeps/20260201_214318/logs/r0426_tau15_alpha0p4_sigma0p8_beta0p15_bpe200.out,sweeps/20260201_214318/logs/r0426_tau15_alpha0p4_sigma0p8_beta0p15_bpe200.err,2222.197,15,0.4,0.8,0.15,200,1141787.000000,213886.000000,414290.000000,2.756009,0.362844,1.936966,0.455336,2.228724,1183.000000,1141787.000000,213886.000000,441465.000000,2.586359,0.386644,2.064020,0.447276,2.091532,1191.000000,1.065594
r0424_tau15_alpha0p4_sigma0p8_beta0p1_bpe400,0,sweeps/20260201_214318/json/r0424_tau15_alpha0p4_sigma0p8_beta0p1_bpe400.json,sweeps/20260201_214318/logs/r0424_tau15_alpha0p4_sigma0p8_beta0p1_bpe400.out,sweeps/20260201_214318/logs/r0424_tau15_alpha0p4_sigma0p8_beta0p1_bpe400.err,2356.553,15,0.4,0.8,0.1,400,1141787.000000,213886.000000,414290.000000,2.756009,0.362844,1.936966,0.455336,2.228724,1183.000000,1141787.000000,213886.000000,425260.000000,2.684915,0.372451,1.988255,0.437448,2.171232,1193.000000,1.026479
r0429_tau15_alpha0p4_sigma0p8_beta0p2_bpe100,0,sweeps/20260201_214318/json/r0429_tau15_alpha0p4_sigma0p8_beta0p2_bpe100.json,sweeps/20260201_214318/logs/r0429_tau15_alpha0p4_sigma0p8_beta0p2_bpe100.out,sweeps/20260201_214318/logs/r0429_tau15_alpha0p4_sigma0p8_beta0p2_bpe100.err,2172.301,15,0.4,0.8,0.2,100,1141787.000000,213886.000000,414290.000000,2.756009,0.362844,1.936966,0.455336,2.228724,1183.000000,1141787.000000,213886.000000,465130.000000,2.454770,0.407370,2.174663,0.464411,1.985118,1198.000000,1.122716
r0427_tau15_alpha0p4_sigma0p8_beta0p15_bpe300,0,sweeps/20260201_214318/json/r0427_tau15_alpha0p4_sigma0p8_beta0p15_bpe300.json,sweeps/20260201_214318/logs/r0427_tau15_alpha0p4_sigma0p8_beta0p15_bpe300.out,sweeps/20260201_214318/logs/r0427_tau15_alpha0p4_sigma0p8_beta0p15_bpe300.err,2304.308,15,0.4,0.8,0.15,300,1141787.000000,213886.000000,414290.000000,2.756009,0.362844,1.936966,0.455336,2.228724,1183.000000,1141787.000000,213886.000000,432634.000000,2.639152,0.378910,2.022732,0.439739,2.134224,1200.000000,1.044278
r0430_tau15_alpha0p4_sigma0p8_beta0p2_bpe200,0,sweeps/20260201_214318/json/r0430_tau15_alpha0p4_sigma0p8_beta0p2_bpe200.json,sweeps/20260201_214318/logs/r0430_tau15_alpha0p4_sigma0p8_beta0p2_bpe200.out,sweeps/20260201_214318/logs/r0430_tau15_alpha0p4_sigma0p8_beta0p2_bpe200.err,2231.500,15,0.4,0.8,0.2,200,1141787.000000,213886.000000,414290.000000,2.756009,0.362844,1.936966,0.455336,2.228724,1183.000000,1141787.000000,213886.000000,441486.000000,2.586236,0.386662,2.064118,0.447299,2.091432,1191.000000,1.065645
r0428_tau15_alpha0p4_sigma0p8_beta0p15_bpe400,0,sweeps/20260201_214318/json/r0428_tau15_alpha0p4_sigma0p8_beta0p15_bpe400.json,sweeps/20260201_214318/logs/r0428_tau15_alpha0p4_sigma0p8_beta0p15_bpe400.out,sweeps/20260201_214318/logs/r0428_tau15_alpha0p4_sigma0p8_beta0p15_bpe400.err,2344.355,15,0.4,0.8,0.15,400,1141787.000000,213886.000000,414290.000000,2.756009,0.362844,1.936966,0.455336,2.228724,1183.000000,1141787.000000,213886.000000,425199.000000,2.685300,0.372398,1.987970,0.437373,2.171543,1193.000000,1.026332
r0433_tau15_alpha0p4_sigma1_beta0p01_bpe100,0,sweeps/20260201_214318/json/r0433_tau15_alpha0p4_sigma1_beta0p01_bpe100.json,sweeps/20260201_214318/logs/r0433_tau15_alpha0p4_sigma1_beta0p01_bpe100.out,sweeps/20260201_214318/logs/r0433_tau15_alpha0p4_sigma1_beta0p01_bpe100.err,2117.261,15,0.4,1.0,0.01,100,1141787.000000,213886.000000,414290.000000,2.756009,0.362844,1.936966,0.455336,2.228724,1183.000000,1141787.000000,213886.000000,466111.000000,2.449603,0.408229,2.179250,0.466323,1.980940,1196.000000,1.125084
r0431_tau15_alpha0p4_sigma0p8_beta0p2_bpe300,0,sweeps/20260201_214318/json/r0431_tau15_alpha0p4_sigma0p8_beta0p2_bpe300.json,sweeps/20260201_214318/logs/r0431_tau15_alpha0p4_sigma0p8_beta0p2_bpe300.out,sweeps/20260201_214318/logs/r0431_tau15_alpha0p4_sigma0p8_beta0p2_bpe300.err,2310.026,15,0.4,0.8,0.2,300,1141787.000000,213886.000000,414290.000000,2.756009,0.362844,1.936966,0.455336,2.228724,1183.000000,1141787.000000,213886.000000,432398.000000,2.640593,0.378703,2.021628,0.439716,2.135389,1199.000000,1.043709
r0432_tau15_alpha0p4_sigma0p8_beta0p2_bpe400,0,sweeps/20260201_214318/json/r0432_tau15_alpha0p4_sigma0p8_beta0p2_bpe400.json,sweeps/20260201_214318/logs/r0432_tau15_alpha0p4_sigma0p8_beta0p2_bpe400.out,sweeps/20260201_214318/logs/r0432_tau15_alpha0p4_sigma0p8_beta0p2_bpe400.err,2357.630,15,0.4,0.8,0.2,400,1141787.000000,213886.000000,414290.000000,2.756009,0.362844,1.936966,0.455336,2.228724,1183.000000,1141787.000000,213886.000000,425100.000000,2.685926,0.372311,1.987507,0.438098,2.172049,1194.000000,1.026093
r0434_tau15_alpha0p4_sigma1_beta0p01_bpe200,0,sweeps/20260201_214318/json/r0434_tau15_alpha0p4_sigma1_beta0p01_bpe200.json,sweeps/20260201_214318/logs/r0434_tau15_alpha0p4_sigma1_beta0p01_bpe200.out,sweeps/20260201_214318/logs/r0434_tau15_alpha0p4_sigma1_beta0p01_bpe200.err,2209.519,15,0.4,1.0,0.01,200,1141787.000000,213886.000000,414290.000000,2.756009,0.362844,1.936966,0.455336,2.228724,1183.000000,1141787.000000,213886.000000,441189.000000,2.587977,0.386402,2.062730,0.447855,2.092840,1191.000000,1.064928
r0437_tau15_alpha0p4_sigma1_beta0p1_bpe100,0,sweeps/20260201_214318/json/r0437_tau15_alpha0p4_sigma1_beta0p1_bpe100.json,sweeps/20260201_214318/logs/r0437_tau15_alpha0p4_sigma1_beta0p1_bpe100.out,sweeps/20260201_214318/logs/r0437_tau15_alpha0p4_sigma1_beta0p1_bpe100.err,2165.423,15,0.4,1.0,0.1,100,1141787.000000,213886.000000,414290.000000,2.756009,0.362844,1.936966,0.455336,2.228724,1183.000000,1141787.000000,213886.000000,465283.000000,2.453962,0.407504,2.175378,0.466449,1.984465,1197.000000,1.123085
r0435_tau15_alpha0p4_sigma1_beta0p01_bpe300,0,sweeps/20260201_214318/json/r0435_tau15_alpha0p4_sigma1_beta0p01_bpe300.json,sweeps/20260201_214318/logs/r0435_tau15_alpha0p4_sigma1_beta0p01_bpe300.out,sweeps/20260201_214318/logs/r0435_tau15_alpha0p4_sigma1_beta0p01_bpe300.err,2251.590,15,0.4,1.0,0.01,300,1141787.000000,213886.000000,414290.000000,2.756009,0.362844,1.936966,0.455336,2.228724,1183.000000,1141787.000000,213886.000000,432677.000000,2.638890,0.378947,2.022933,0.438813,2.134012,1202.000000,1.044382
r0438_tau15_alpha0p4_sigma1_beta0p1_bpe200,0,sweeps/20260201_214318/json/r0438_tau15_alpha0p4_sigma1_beta0p1_bpe200.json,sweeps/20260201_214318/logs/r0438_tau15_alpha0p4_sigma1_beta0p1_bpe200.out,sweeps/20260201_214318/logs/r0438_tau15_alpha0p4_sigma1_beta0p1_bpe200.err,2274.584,15,0.4,1.0,0.1,200,1141787.000000,213886.000000,414290.000000,2.756009,0.362844,1.936966,0.455336,2.228724,1183.000000,1141787.000000,213886.000000,441357.000000,2.586992,0.386549,2.063515,0.447173,2.092043,1193.000000,1.065333
r0436_tau15_alpha0p4_sigma1_beta0p01_bpe400,0,sweeps/20260201_214318/json/r0436_tau15_alpha0p4_sigma1_beta0p01_bpe400.json,sweeps/20260201_214318/logs/r0436_tau15_alpha0p4_sigma1_beta0p01_bpe400.out,sweeps/20260201_214318/logs/r0436_tau15_alpha0p4_sigma1_beta0p01_bpe400.err,2409.027,15,0.4,1.0,0.01,400,1141787.000000,213886.000000,414290.000000,2.756009,0.362844,1.936966,0.455336,2.228724,1183.000000,1141787.000000,213886.000000,424994.000000,2.686596,0.372218,1.987012,0.436560,2.172591,1195.000000,1.025837
r0439_tau15_alpha0p4_sigma1_beta0p1_bpe300,0,sweeps/20260201_214318/json/r0439_tau15_alpha0p4_sigma1_beta0p1_bpe300.json,sweeps/20260201_214318/logs/r0439_tau15_alpha0p4_sigma1_beta0p1_bpe300.out,sweeps/20260201_214318/logs/r0439_tau15_alpha0p4_sigma1_beta0p1_bpe300.err,2294.604,15,0.4,1.0,0.1,300,1141787.000000,213886.000000,414290.000000,2.756009,0.362844,1.936966,0.455336,2.228724,1183.000000,1141787.000000,213886.000000,432579.000000,2.639488,0.378861,2.022475,0.440202,2.134496,1200.000000,1.044145
r0441_tau15_alpha0p4_sigma1_beta0p15_bpe100,0,sweeps/20260201_214318/json/r0441_tau15_alpha0p4_sigma1_beta0p15_bpe100.json,sweeps/20260201_214318/logs/r0441_tau15_alpha0p4_sigma1_beta0p15_bpe100.out,sweeps/20260201_214318/logs/r0441_tau15_alpha0p4_sigma1_beta0p15_bpe100.err,2153.214,15,0.4,1.0,0.15,100,1141787.000000,213886.000000,414290.000000,2.756009,0.362844,1.936966,0.455336,2.228724,1183.000000,1141787.000000,213886.000000,465289.000000,2.453931,0.407509,2.175407,0.465098,1.984440,1197.000000,1.123100
r0442_tau15_alpha0p4_sigma1_beta0p15_bpe200,0,sweeps/20260201_214318/json/r0442_tau15_alpha0p4_sigma1_beta0p15_bpe200.json,sweeps/20260201_214318/logs/r0442_tau15_alpha0p4_sigma1_beta0p15_bpe200.out,sweeps/20260201_214318/logs/r0442_tau15_alpha0p4_sigma1_beta0p15_bpe200.err,2223.606,15,0.4,1.0,0.15,200,1141787.000000,213886.000000,414290.000000,2.756009,0.362844,1.936966,0.455336,2.228724,1183.000000,1141787.000000,213886.000000,441465.000000,2.586359,0.386644,2.064020,0.447276,2.091532,1191.000000,1.065594
r0440_tau15_alpha0p4_sigma1_beta0p1_bpe400,0,sweeps/20260201_214318/json/r0440_tau15_alpha0p4_sigma1_beta0p1_bpe400.json,sweeps/20260201_214318/logs/r0440_tau15_alpha0p4_sigma1_beta0p1_bpe400.out,sweeps/20260201_214318/logs/r0440_tau15_alpha0p4_sigma1_beta0p1_bpe400.err,2394.990,15,0.4,1.0,0.1,400,1141787.000000,213886.000000,414290.000000,2.756009,0.362844,1.936966,0.455336,2.228724,1183.000000,1141787.000000,213886.000000,425260.000000,2.684915,0.372451,1.988255,0.437448,2.171232,1193.000000,1.026479
r0445_tau15_alpha0p4_sigma1_beta0p2_bpe100,0,sweeps/20260201_214318/json/r0445_tau15_alpha0p4_sigma1_beta0p2_bpe100.json,sweeps/20260201_214318/logs/r0445_tau15_alpha0p4_sigma1_beta0p2_bpe100.out,sweeps/20260201_214318/logs/r0445_tau15_alpha0p4_sigma1_beta0p2_bpe100.err,2139.870,15,0.4,1.0,0.2,100,1141787.000000,213886.000000,414290.000000,2.756009,0.362844,1.936966,0.455336,2.228724,1183.000000,1141787.000000,213886.000000,465130.000000,2.454770,0.407370,2.174663,0.464411,1.985118,1198.000000,1.122716
r0443_tau15_alpha0p4_sigma1_beta0p15_bpe300,0,sweeps/20260201_214318/json/r0443_tau15_alpha0p4_sigma1_beta0p15_bpe300.json,sweeps/20260201_214318/logs/r0443_tau15_alpha0p4_sigma1_beta0p15_bpe300.out,sweeps/20260201_214318/logs/r0443_tau15_alpha0p4_sigma1_beta0p15_bpe300.err,2263.988,15,0.4,1.0,0.15,300,1141787.000000,213886.000000,414290.000000,2.756009,0.362844,1.936966,0.455336,2.228724,1183.000000,1141787.000000,213886.000000,432634.000000,2.639152,0.378910,2.022732,0.439739,2.134224,1200.000000,1.044278
r0446_tau15_alpha0p4_sigma1_beta0p2_bpe200,0,sweeps/20260201_214318/json/r0446_tau15_alpha0p4_sigma1_beta0p2_bpe200.json,sweeps/20260201_214318/logs/r0446_tau15_alpha0p4_sigma1_beta0p2_bpe200.out,sweeps/20260201_214318/logs/r0446_tau15_alpha0p4_sigma1_beta0p2_bpe200.err,2179.914,15,0.4,1.0,0.2,200,1141787.000000,213886.000000,414290.000000,2.756009,0.362844,1.936966,0.455336,2.228724,1183.000000,1141787.000000,213886.000000,441486.000000,2.586236,0.386662,2.064118,0.447299,2.091432,1191.000000,1.065645
r0444_tau15_alpha0p4_sigma1_beta0p15_bpe400,0,sweeps/20260201_214318/json/r0444_tau15_alpha0p4_sigma1_beta0p15_bpe400.json,sweeps/20260201_214318/logs/r0444_tau15_alpha0p4_sigma1_beta0p15_bpe400.out,sweeps/20260201_214318/logs/r0444_tau15_alpha0p4_sigma1_beta0p15_bpe400.err,2342.038,15,0.4,1.0,0.15,400,1141787.000000,213886.000000,414290.000000,2.756009,0.362844,1.936966,0.455336,2.228724,1183.000000,1141787.000000,213886.000000,425199.000000,2.685300,0.372398,1.987970,0.437373,2.171543,1193.000000,1.026332
r0447_tau15_alpha0p4_sigma1_beta0p2_bpe300,0,sweeps/20260201_214318/json/r0447_tau15_alpha0p4_sigma1_beta0p2_bpe300.json,sweeps/20260201_214318/logs/r0447_tau15_alpha0p4_sigma1_beta0p2_bpe300.out,sweeps/20260201_214318/logs/r0447_tau15_alpha0p4_sigma1_beta0p2_bpe300.err,2246.620,15,0.4,1.0,0.2,300,1141787.000000,213886.000000,414290.000000,2.756009,0.362844,1.936966,0.455336,2.228724,1183.000000,1141787.000000,213886.000000,432398.000000,2.640593,0.378703,2.021628,0.439716,2.135389,1199.000000,1.043709
r0449_tau15_alpha0p6_sigma0p4_beta0p01_bpe100,0,sweeps/20260201_214318/json/r0449_tau15_alpha0p6_sigma0p4_beta0p01_bpe100.json,sweeps/20260201_214318/logs/r0449_tau15_alpha0p6_sigma0p4_beta0p01_bpe100.out,sweeps/20260201_214318/logs/r0449_tau15_alpha0p6_sigma0p4_beta0p01_bpe100.err,2183.140,15,0.6,0.4,0.01,100,1141787.000000,213886.000000,414290.000000,2.756009,0.362844,1.936966,0.455336,2.228724,1183.000000,1141787.000000,213886.000000,465832.000000,2.451070,0.407985,2.177945,0.466627,1.982127,1196.000000,1.124410
r0448_tau15_alpha0p4_sigma1_beta0p2_bpe400,0,sweeps/20260201_214318/json/r0448_tau15_alpha0p4_sigma1_beta0p2_bpe400.json,sweeps/20260201_214318/logs/r0448_tau15_alpha0p4_sigma1_beta0p2_bpe400.out,sweeps/20260201_214318/logs/r0448_tau15_alpha0p4_sigma1_beta0p2_bpe400.err,2330.177,15,0.4,1.0,0.2,400,1141787.000000,213886.000000,414290.000000,2.756009,0.362844,1.936966,0.455336,2.228724,1183.000000,1141787.000000,213886.000000,425100.000000,2.685926,0.372311,1.987507,0.438098,2.172049,1194.000000,1.026093
r0450_tau15_alpha0p6_sigma0p4_beta0p01_bpe200,0,sweeps/20260201_214318/json/r0450_tau15_alpha0p6_sigma0p4_beta0p01_bpe200.json,sweeps/20260201_214318/logs/r0450_tau15_alpha0p6_sigma0p4_beta0p01_bpe200.out,sweeps/20260201_214318/logs/r0450_tau15_alpha0p6_sigma0p4_beta0p01_bpe200.err,2259.105,15,0.6,0.4,0.01,200,1141787.000000,213886.000000,414290.000000,2.756009,0.362844,1.936966,0.455336,2.228724,1183.000000,1141787.000000,213886.000000,441473.000000,2.586312,0.386651,2.064057,0.446761,2.091494,1188.000000,1.065613
r0451_tau15_alpha0p6_sigma0p4_beta0p01_bpe300,0,sweeps/20260201_214318/json/r0451_tau15_alpha0p6_sigma0p4_beta0p01_bpe300.json,sweeps/20260201_214318/logs/r0451_tau15_alpha0p6_sigma0p4_beta0p01_bpe300.out,sweeps/20260201_214318/logs/r0451_tau15_alpha0p6_sigma0p4_beta0p01_bpe300.err,2255.231,15,0.6,0.4,0.01,300,1141787.000000,213886.000000,414290.000000,2.756009,0.362844,1.936966,0.455336,2.228724,1183.000000,1141787.000000,213886.000000,432539.000000,2.639732,0.378826,2.022288,0.439384,2.134693,1200.000000,1.044049
r0452_tau15_alpha0p6_sigma0p4_beta0p01_bpe400,0,sweeps/20260201_214318/json/r0452_tau15_alpha0p6_sigma0p4_beta0p01_bpe400.json,sweeps/20260201_214318/logs/r0452_tau15_alpha0p6_sigma0p4_beta0p01_bpe400.out,sweeps/20260201_214318/logs/r0452_tau15_alpha0p6_sigma0p4_beta0p01_bpe400.err,2349.617,15,0.6,0.4,0.01,400,1141787.000000,213886.000000,414290.000000,2.756009,0.362844,1.936966,0.455336,2.228724,1183.000000,1141787.000000,213886.000000,424699.000000,2.688462,0.371960,1.985633,0.437780,2.174100,1194.000000,1.025125
r0453_tau15_alpha0p6_sigma0p4_beta0p1_bpe100,0,sweeps/20260201_214318/json/r0453_tau15_alpha0p6_sigma0p4_beta0p1_bpe100.json,sweeps/20260201_214318/logs/r0453_tau15_alpha0p6_sigma0p4_beta0p1_bpe100.out,sweeps/20260201_214318/logs/r0453_tau15_alpha0p6_sigma0p4_beta0p1_bpe100.err,2186.042,15,0.6,0.4,0.1,100,1141787.000000,213886.000000,414290.000000,2.756009,0.362844,1.936966,0.455336,2.228724,1183.000000,1141787.000000,213886.000000,465281.000000,2.453973,0.407502,2.175369,0.464579,1.984474,1198.000000,1.123080
r0454_tau15_alpha0p6_sigma0p4_beta0p1_bpe200,0,sweeps/20260201_214318/json/r0454_tau15_alpha0p6_sigma0p4_beta0p1_bpe200.json,sweeps/20260201_214318/logs/r0454_tau15_alpha0p6_sigma0p4_beta0p1_bpe200.out,sweeps/20260201_214318/logs/r0454_tau15_alpha0p6_sigma0p4_beta0p1_bpe200.err,2236.093,15,0.6,0.4,0.1,200,1141787.000000,213886.000000,414290.000000,2.756009,0.362844,1.936966,0.455336,2.228724,1183.000000,1141787.000000,213886.000000,441498.000000,2.586166,0.386673,2.064174,0.447963,2.091375,1189.000000,1.065674
r0457_tau15_alpha0p6_sigma0p4_beta0p15_bpe100,0,sweeps/20260201_214318/json/r0457_tau15_alpha0p6_sigma0p4_beta0p15_bpe100.json,sweeps/20260201_214318/logs/r0457_tau15_alpha0p6_sigma0p4_beta0p15_bpe100.out,sweeps/20260201_214318/logs/r0457_tau15_alpha0p6_sigma0p4_beta0p15_bpe100.err,2141.122,15,0.6,0.4,0.15,100,1141787.000000,213886.000000,414290.000000,2.756009,0.362844,1.936966,0.455336,2.228724,1183.000000,1141787.000000,213886.000000,465765.000000,2.451423,0.407926,2.177632,0.464322,1.982412,1199.000000,1.124249
r0455_tau15_alpha0p6_sigma0p4_beta0p1_bpe300,0,sweeps/20260201_214318/json/r0455_tau15_alpha0p6_sigma0p4_beta0p1_bpe300.json,sweeps/20260201_214318/logs/r0455_tau15_alpha0p6_sigma0p4_beta0p1_bpe300.out,sweeps/20260201_214318/logs/r0455_tau15_alpha0p6_sigma0p4_beta0p1_bpe300.err,2330.687,15,0.6,0.4,0.1,300,1141787.000000,213886.000000,414290.000000,2.756009,0.362844,1.936966,0.455336,2.228724,1183.000000,1141787.000000,213886.000000,432574.000000,2.639518,0.378857,2.022451,0.440880,2.134520,1202.000000,1.044133
r0456_tau15_alpha0p6_sigma0p4_beta0p1_bpe400,0,sweeps/20260201_214318/json/r0456_tau15_alpha0p6_sigma0p4_beta0p1_bpe400.json,sweeps/20260201_214318/logs/r0456_tau15_alpha0p6_sigma0p4_beta0p1_bpe400.out,sweeps/20260201_214318/logs/r0456_tau15_alpha0p6_sigma0p4_beta0p1_bpe400.err,2359.565,15,0.6,0.4,0.1,400,1141787.000000,213886.000000,414290.000000,2.756009,0.362844,1.936966,0.455336,2.228724,1183.000000,1141787.000000,213886.000000,424632.000000,2.688886,0.371901,1.985319,0.437981,2.174443,1195.000000,1.024963
r0458_tau15_alpha0p6_sigma0p4_beta0p15_bpe200,0,sweeps/20260201_214318/json/r0458_tau15_alpha0p6_sigma0p4_beta0p15_bpe200.json,sweeps/20260201_214318/logs/r0458_tau15_alpha0p6_sigma0p4_beta0p15_bpe200.out,sweeps/20260201_214318/logs/r0458_tau15_alpha0p6_sigma0p4_beta0p15_bpe200.err,2201.574,15,0.6,0.4,0.15,200,1141787.000000,213886.000000,414290.000000,2.756009,0.362844,1.936966,0.455336,2.228724,1183.000000,1141787.000000,213886.000000,441300.000000,2.587326,0.386499,2.063249,0.448402,2.092314,1189.000000,1.065196
r0461_tau15_alpha0p6_sigma0p4_beta0p2_bpe100,0,sweeps/20260201_214318/json/r0461_tau15_alpha0p6_sigma0p4_beta0p2_bpe100.json,sweeps/20260201_214318/logs/r0461_tau15_alpha0p6_sigma0p4_beta0p2_bpe100.out,sweeps/20260201_214318/logs/r0461_tau15_alpha0p6_sigma0p4_beta0p2_bpe100.err,2151.386,15,0.6,0.4,0.2,100,1141787.000000,213886.000000,414290.000000,2.756009,0.362844,1.936966,0.455336,2.228724,1183.000000,1141787.000000,213886.000000,465522.000000,2.452703,0.407714,2.176496,0.467029,1.983447,1199.000000,1.123662
r0462_tau15_alpha0p6_sigma0p4_beta0p2_bpe200,0,sweeps/20260201_214318/json/r0462_tau15_alpha0p6_sigma0p4_beta0p2_bpe200.json,sweeps/20260201_214318/logs/r0462_tau15_alpha0p6_sigma0p4_beta0p2_bpe200.out,sweeps/20260201_214318/logs/r0462_tau15_alpha0p6_sigma0p4_beta0p2_bpe200.err,2214.871,15,0.6,0.4,0.2,200,1141787.000000,213886.000000,414290.000000,2.756009,0.362844,1.936966,0.455336,2.228724,1183.000000,1141787.000000,213886.000000,441470.000000,2.586330,0.386648,2.064043,0.449253,2.091508,1186.000000,1.065606
r0459_tau15_alpha0p6_sigma0p4_beta0p15_bpe300,0,sweeps/20260201_214318/json/r0459_tau15_alpha0p6_sigma0p4_beta0p15_bpe300.json,sweeps/20260201_214318/logs/r0459_tau15_alpha0p6_sigma0p4_beta0p15_bpe300.out,sweeps/20260201_214318/logs/r0459_tau15_alpha0p6_sigma0p4_beta0p15_bpe300.err,2383.307,15,0.6,0.4,0.15,300,1141787.000000,213886.000000,414290.000000,2.756009,0.362844,1.936966,0.455336,2.228724,1183.000000,1141787.000000,213886.000000,432590.000000,2.639421,0.378871,2.022526,0.441441,2.134441,1203.000000,1.044172
r0460_tau15_alpha0p6_sigma0p4_beta0p15_bpe400,0,sweeps/20260201_214318/json/r0460_tau15_alpha0p6_sigma0p4_beta0p15_bpe400.json,sweeps/20260201_214318/logs/r0460_tau15_alpha0p6_sigma0p4_beta0p15_bpe400.out,sweeps/20260201_214318/logs/r0460_tau15_alpha0p6_sigma0p4_beta0p15_bpe400.err,2388.440,15,0.6,0.4,0.15,400,1141787.000000,213886.000000,414290.000000,2.756009,0.362844,1.936966,0.455336,2.228724,1183.000000,1141787.000000,213886.000000,424604.000000,2.689063,0.371877,1.985188,0.438953,2.174586,1194.000000,1.024896
r0463_tau15_alpha0p6_sigma0p4_beta0p2_bpe300,0,sweeps/20260201_214318/json/r0463_tau15_alpha0p6_sigma0p4_beta0p2_bpe300.json,sweeps/20260201_214318/logs/r0463_tau15_alpha0p6_sigma0p4_beta0p2_bpe300.out,sweeps/20260201_214318/logs/r0463_tau15_alpha0p6_sigma0p4_beta0p2_bpe300.err,2241.244,15,0.6,0.4,0.2,300,1141787.000000,213886.000000,414290.000000,2.756009,0.362844,1.936966,0.455336,2.228724,1183.000000,1141787.000000,213886.000000,432501.000000,2.639964,0.378793,2.022110,0.441862,2.134881,1203.000000,1.043957
r0465_tau15_alpha0p6_sigma0p6_beta0p01_bpe100,0,sweeps/20260201_214318/json/r0465_tau15_alpha0p6_sigma0p6_beta0p01_bpe100.json,sweeps/20260201_214318/logs/r0465_tau15_alpha0p6_sigma0p6_beta0p01_bpe100.out,sweeps/20260201_214318/logs/r0465_tau15_alpha0p6_sigma0p6_beta0p01_bpe100.err,2146.206,15,0.6,0.6,0.01,100,1141787.000000,213886.000000,414290.000000,2.756009,0.362844,1.936966,0.455336,2.228724,1183.000000,1141787.000000,213886.000000,465832.000000,2.451070,0.407985,2.177945,0.466627,1.982127,1196.000000,1.124410
r0466_tau15_alpha0p6_sigma0p6_beta0p01_bpe200,0,sweeps/20260201_214318/json/r0466_tau15_alpha0p6_sigma0p6_beta0p01_bpe200.json,sweeps/20260201_214318/logs/r0466_tau15_alpha0p6_sigma0p6_beta0p01_bpe200.out,sweeps/20260201_214318/logs/r0466_tau15_alpha0p6_sigma0p6_beta0p01_bpe200.err,2198.358,15,0.6,0.6,0.01,200,1141787.000000,213886.000000,414290.000000,2.756009,0.362844,1.936966,0.455336,2.228724,1183.000000,1141787.000000,213886.000000,441473.000000,2.586312,0.386651,2.064057,0.446761,2.091494,1188.000000,1.065613
r0464_tau15_alpha0p6_sigma0p4_beta0p2_bpe400,0,sweeps/20260201_214318/json/r0464_tau15_alpha0p6_sigma0p4_beta0p2_bpe400.json,sweeps/20260201_214318/logs/r0464_tau15_alpha0p6_sigma0p4_beta0p2_bpe400.out,sweeps/20260201_214318/logs/r0464_tau15_alpha0p6_sigma0p4_beta0p2_bpe400.err,2363.526,15,0.6,0.4,0.2,400,1141787.000000,213886.000000,414290.000000,2.756009,0.362844,1.936966,0.455336,2.228724,1183.000000,1141787.000000,213886.000000,424633.000000,2.688880,0.371902,1.985324,0.438720,2.174438,1194.000000,1.024966
r0467_tau15_alpha0p6_sigma0p6_beta0p01_bpe300,0,sweeps/20260201_214318/json/r0467_tau15_alpha0p6_sigma0p6_beta0p01_bpe300.json,sweeps/20260201_214318/logs/r0467_tau15_alpha0p6_sigma0p6_beta0p01_bpe300.out,sweeps/20260201_214318/logs/r0467_tau15_alpha0p6_sigma0p6_beta0p01_bpe300.err,2255.868,15,0.6,0.6,0.01,300,1141787.000000,213886.000000,414290.000000,2.756009,0.362844,1.936966,0.455336,2.228724,1183.000000,1141787.000000,213886.000000,432539.000000,2.639732,0.378826,2.022288,0.439384,2.134693,1200.000000,1.044049
r0469_tau15_alpha0p6_sigma0p6_beta0p1_bpe100,0,sweeps/20260201_214318/json/r0469_tau15_alpha0p6_sigma0p6_beta0p1_bpe100.json,sweeps/20260201_214318/logs/r0469_tau15_alpha0p6_sigma0p6_beta0p1_bpe100.out,sweeps/20260201_214318/logs/r0469_tau15_alpha0p6_sigma0p6_beta0p1_bpe100.err,2165.013,15,0.6,0.6,0.1,100,1141787.000000,213886.000000,414290.000000,2.756009,0.362844,1.936966,0.455336,2.228724,1183.000000,1141787.000000,213886.000000,465281.000000,2.453973,0.407502,2.175369,0.464579,1.984474,1198.000000,1.123080
r0470_tau15_alpha0p6_sigma0p6_beta0p1_bpe200,0,sweeps/20260201_214318/json/r0470_tau15_alpha0p6_sigma0p6_beta0p1_bpe200.json,sweeps/20260201_214318/logs/r0470_tau15_alpha0p6_sigma0p6_beta0p1_bpe200.out,sweeps/20260201_214318/logs/r0470_tau15_alpha0p6_sigma0p6_beta0p1_bpe200.err,2233.223,15,0.6,0.6,0.1,200,1141787.000000,213886.000000,414290.000000,2.756009,0.362844,1.936966,0.455336,2.228724,1183.000000,1141787.000000,213886.000000,441498.000000,2.586166,0.386673,2.064174,0.447963,2.091375,1189.000000,1.065674
r0468_tau15_alpha0p6_sigma0p6_beta0p01_bpe400,0,sweeps/20260201_214318/json/r0468_tau15_alpha0p6_sigma0p6_beta0p01_bpe400.json,sweeps/20260201_214318/logs/r0468_tau15_alpha0p6_sigma0p6_beta0p01_bpe400.out,sweeps/20260201_214318/logs/r0468_tau15_alpha0p6_sigma0p6_beta0p01_bpe400.err,2385.423,15,0.6,0.6,0.01,400,1141787.000000,213886.000000,414290.000000,2.756009,0.362844,1.936966,0.455336,2.228724,1183.000000,1141787.000000,213886.000000,424699.000000,2.688462,0.371960,1.985633,0.437780,2.174100,1194.000000,1.025125
r0473_tau15_alpha0p6_sigma0p6_beta0p15_bpe100,0,sweeps/20260201_214318/json/r0473_tau15_alpha0p6_sigma0p6_beta0p15_bpe100.json,sweeps/20260201_214318/logs/r0473_tau15_alpha0p6_sigma0p6_beta0p15_bpe100.out,sweeps/20260201_214318/logs/r0473_tau15_alpha0p6_sigma0p6_beta0p15_bpe100.err,2157.208,15,0.6,0.6,0.15,100,1141787.000000,213886.000000,414290.000000,2.756009,0.362844,1.936966,0.455336,2.228724,1183.000000,1141787.000000,213886.000000,465754.000000,2.451481,0.407917,2.177581,0.464271,1.982459,1199.000000,1.124222
r0471_tau15_alpha0p6_sigma0p6_beta0p1_bpe300,0,sweeps/20260201_214318/json/r0471_tau15_alpha0p6_sigma0p6_beta0p1_bpe300.json,sweeps/20260201_214318/logs/r0471_tau15_alpha0p6_sigma0p6_beta0p1_bpe300.out,sweeps/20260201_214318/logs/r0471_tau15_alpha0p6_sigma0p6_beta0p1_bpe300.err,2273.039,15,0.6,0.6,0.1,300,1141787.000000,213886.000000,414290.000000,2.756009,0.362844,1.936966,0.455336,2.228724,1183.000000,1141787.000000,213886.000000,432574.000000,2.639518,0.378857,2.022451,0.440880,2.134520,1202.000000,1.044133
r0474_tau15_alpha0p6_sigma0p6_beta0p15_bpe200,0,sweeps/20260201_214318/json/r0474_tau15_alpha0p6_sigma0p6_beta0p15_bpe200.json,sweeps/20260201_214318/logs/r0474_tau15_alpha0p6_sigma0p6_beta0p15_bpe200.out,sweeps/20260201_214318/logs/r0474_tau15_alpha0p6_sigma0p6_beta0p15_bpe200.err,2175.586,15,0.6,0.6,0.15,200,1141787.000000,213886.000000,414290.000000,2.756009,0.362844,1.936966,0.455336,2.228724,1183.000000,1141787.000000,213886.000000,441300.000000,2.587326,0.386499,2.063249,0.448402,2.092314,1189.000000,1.065196
r0472_tau15_alpha0p6_sigma0p6_beta0p1_bpe400,0,sweeps/20260201_214318/json/r0472_tau15_alpha0p6_sigma0p6_beta0p1_bpe400.json,sweeps/20260201_214318/logs/r0472_tau15_alpha0p6_sigma0p6_beta0p1_bpe400.out,sweeps/20260201_214318/logs/r0472_tau15_alpha0p6_sigma0p6_beta0p1_bpe400.err,2327.732,15,0.6,0.6,0.1,400,1141787.000000,213886.000000,414290.000000,2.756009,0.362844,1.936966,0.455336,2.228724,1183.000000,1141787.000000,213886.000000,424632.000000,2.688886,0.371901,1.985319,0.437981,2.174443,1195.000000,1.024963
r0475_tau15_alpha0p6_sigma0p6_beta0p15_bpe300,0,sweeps/20260201_214318/json/r0475_tau15_alpha0p6_sigma0p6_beta0p15_bpe300.json,sweeps/20260201_214318/logs/r0475_tau15_alpha0p6_sigma0p6_beta0p15_bpe300.out,sweeps/20260201_214318/logs/r0475_tau15_alpha0p6_sigma0p6_beta0p15_bpe300.err,2324.893,15,0.6,0.6,0.15,300,1141787.000000,213886.000000,414290.000000,2.756009,0.362844,1.936966,0.455336,2.228724,1183.000000,1141787.000000,213886.000000,432590.000000,2.639421,0.378871,2.022526,0.441441,2.134441,1203.000000,1.044172
r0477_tau15_alpha0p6_sigma0p6_beta0p2_bpe100,0,sweeps/20260201_214318/json/r0477_tau15_alpha0p6_sigma0p6_beta0p2_bpe100.json,sweeps/20260201_214318/logs/r0477_tau15_alpha0p6_sigma0p6_beta0p2_bpe100.out,sweeps/20260201_214318/logs/r0477_tau15_alpha0p6_sigma0p6_beta0p2_bpe100.err,2172.567,15,0.6,0.6,0.2,100,1141787.000000,213886.000000,414290.000000,2.756009,0.362844,1.936966,0.455336,2.228724,1183.000000,1141787.000000,213886.000000,465522.000000,2.452703,0.407714,2.176496,0.467029,1.983447,1199.000000,1.123662
r0478_tau15_alpha0p6_sigma0p6_beta0p2_bpe200,0,sweeps/20260201_214318/json/r0478_tau15_alpha0p6_sigma0p6_beta0p2_bpe200.json,sweeps/20260201_214318/logs/r0478_tau15_alpha0p6_sigma0p6_beta0p2_bpe200.out,sweeps/20260201_214318/logs/r0478_tau15_alpha0p6_sigma0p6_beta0p2_bpe200.err,2215.260,15,0.6,0.6,0.2,200,1141787.000000,213886.000000,414290.000000,2.756009,0.362844,1.936966,0.455336,2.228724,1183.000000,1141787.000000,213886.000000,441470.000000,2.586330,0.386648,2.064043,0.449253,2.091508,1186.000000,1.065606
r0476_tau15_alpha0p6_sigma0p6_beta0p15_bpe400,0,sweeps/20260201_214318/json/r0476_tau15_alpha0p6_sigma0p6_beta0p15_bpe400.json,sweeps/20260201_214318/logs/r0476_tau15_alpha0p6_sigma0p6_beta0p15_bpe400.out,sweeps/20260201_214318/logs/r0476_tau15_alpha0p6_sigma0p6_beta0p15_bpe400.err,2365.517,15,0.6,0.6,0.15,400,1141787.000000,213886.000000,414290.000000,2.756009,0.362844,1.936966,0.455336,2.228724,1183.000000,1141787.000000,213886.000000,424604.000000,2.689063,0.371877,1.985188,0.438953,2.174586,1194.000000,1.024896
r0479_tau15_alpha0p6_sigma0p6_beta0p2_bpe300,0,sweeps/20260201_214318/json/r0479_tau15_alpha0p6_sigma0p6_beta0p2_bpe300.json,sweeps/20260201_214318/logs/r0479_tau15_alpha0p6_sigma0p6_beta0p2_bpe300.out,sweeps/20260201_214318/logs/r0479_tau15_alpha0p6_sigma0p6_beta0p2_bpe300.err,2259.964,15,0.6,0.6,0.2,300,1141787.000000,213886.000000,414290.000000,2.756009,0.362844,1.936966,0.455336,2.228724,1183.000000,1141787.000000,213886.000000,432501.000000,2.639964,0.378793,2.022110,0.441862,2.134881,1203.000000,1.043957
r0481_tau15_alpha0p6_sigma0p8_beta0p01_bpe100,0,sweeps/20260201_214318/json/r0481_tau15_alpha0p6_sigma0p8_beta0p01_bpe100.json,sweeps/20260201_214318/logs/r0481_tau15_alpha0p6_sigma0p8_beta0p01_bpe100.out,sweeps/20260201_214318/logs/r0481_tau15_alpha0p6_sigma0p8_beta0p01_bpe100.err,2132.558,15,0.6,0.8,0.01,100,1141787.000000,213886.000000,414290.000000,2.756009,0.362844,1.936966,0.455336,2.228724,1183.000000,1141787.000000,213886.000000,465832.000000,2.451070,0.407985,2.177945,0.466627,1.982127,1196.000000,1.124410
r0480_tau15_alpha0p6_sigma0p6_beta0p2_bpe400,0,sweeps/20260201_214318/json/r0480_tau15_alpha0p6_sigma0p6_beta0p2_bpe400.json,sweeps/20260201_214318/logs/r0480_tau15_alpha0p6_sigma0p6_beta0p2_bpe400.out,sweeps/20260201_214318/logs/r0480_tau15_alpha0p6_sigma0p6_beta0p2_bpe400.err,2342.519,15,0.6,0.6,0.2,400,1141787.000000,213886.000000,414290.000000,2.756009,0.362844,1.936966,0.455336,2.228724,1183.000000,1141787.000000,213886.000000,424633.000000,2.688880,0.371902,1.985324,0.438720,2.174438,1194.000000,1.024966
r0482_tau15_alpha0p6_sigma0p8_beta0p01_bpe200,0,sweeps/20260201_214318/json/r0482_tau15_alpha0p6_sigma0p8_beta0p01_bpe200.json,sweeps/20260201_214318/logs/r0482_tau15_alpha0p6_sigma0p8_beta0p01_bpe200.out,sweeps/20260201_214318/logs/r0482_tau15_alpha0p6_sigma0p8_beta0p01_bpe200.err,2204.159,15,0.6,0.8,0.01,200,1141787.000000,213886.000000,414290.000000,2.756009,0.362844,1.936966,0.455336,2.228724,1183.000000,1141787.000000,213886.000000,441473.000000,2.586312,0.386651,2.064057,0.446761,2.091494,1188.000000,1.065613
r0483_tau15_alpha0p6_sigma0p8_beta0p01_bpe300,0,sweeps/20260201_214318/json/r0483_tau15_alpha0p6_sigma0p8_beta0p01_bpe300.json,sweeps/20260201_214318/logs/r0483_tau15_alpha0p6_sigma0p8_beta0p01_bpe300.out,sweeps/20260201_214318/logs/r0483_tau15_alpha0p6_sigma0p8_beta0p01_bpe300.err,2266.855,15,0.6,0.8,0.01,300,1141787.000000,213886.000000,414290.000000,2.756009,0.362844,1.936966,0.455336,2.228724,1183.000000,1141787.000000,213886.000000,432539.000000,2.639732,0.378826,2.022288,0.439384,2.134693,1200.000000,1.044049
r0485_tau15_alpha0p6_sigma0p8_beta0p1_bpe100,0,sweeps/20260201_214318/json/r0485_tau15_alpha0p6_sigma0p8_beta0p1_bpe100.json,sweeps/20260201_214318/logs/r0485_tau15_alpha0p6_sigma0p8_beta0p1_bpe100.out,sweeps/20260201_214318/logs/r0485_tau15_alpha0p6_sigma0p8_beta0p1_bpe100.err,2169.987,15,0.6,0.8,0.1,100,1141787.000000,213886.000000,414290.000000,2.756009,0.362844,1.936966,0.455336,2.228724,1183.000000,1141787.000000,213886.000000,465281.000000,2.453973,0.407502,2.175369,0.464579,1.984474,1198.000000,1.123080
r0484_tau15_alpha0p6_sigma0p8_beta0p01_bpe400,0,sweeps/20260201_214318/json/r0484_tau15_alpha0p6_sigma0p8_beta0p01_bpe400.json,sweeps/20260201_214318/logs/r0484_tau15_alpha0p6_sigma0p8_beta0p01_bpe400.out,sweeps/20260201_214318/logs/r0484_tau15_alpha0p6_sigma0p8_beta0p01_bpe400.err,2394.037,15,0.6,0.8,0.01,400,1141787.000000,213886.000000,414290.000000,2.756009,0.362844,1.936966,0.455336,2.228724,1183.000000,1141787.000000,213886.000000,424699.000000,2.688462,0.371960,1.985633,0.437780,2.174100,1194.000000,1.025125
r0486_tau15_alpha0p6_sigma0p8_beta0p1_bpe200,0,sweeps/20260201_214318/json/r0486_tau15_alpha0p6_sigma0p8_beta0p1_bpe200.json,sweeps/20260201_214318/logs/r0486_tau15_alpha0p6_sigma0p8_beta0p1_bpe200.out,sweeps/20260201_214318/logs/r0486_tau15_alpha0p6_sigma0p8_beta0p1_bpe200.err,2213.587,15,0.6,0.8,0.1,200,1141787.000000,213886.000000,414290.000000,2.756009,0.362844,1.936966,0.455336,2.228724,1183.000000,1141787.000000,213886.000000,441498.000000,2.586166,0.386673,2.064174,0.447963,2.091375,1189.000000,1.065674
r0489_tau15_alpha0p6_sigma0p8_beta0p15_bpe100,0,sweeps/20260201_214318/json/r0489_tau15_alpha0p6_sigma0p8_beta0p15_bpe100.json,sweeps/20260201_214318/logs/r0489_tau15_alpha0p6_sigma0p8_beta0p15_bpe100.out,sweeps/20260201_214318/logs/r0489_tau15_alpha0p6_sigma0p8_beta0p15_bpe100.err,2194.392,15,0.6,0.8,0.15,100,1141787.000000,213886.000000,414290.000000,2.756009,0.362844,1.936966,0.455336,2.228724,1183.000000,1141787.000000,213886.000000,465754.000000,2.451481,0.407917,2.177581,0.464271,1.982459,1199.000000,1.124222
r0487_tau15_alpha0p6_sigma0p8_beta0p1_bpe300,0,sweeps/20260201_214318/json/r0487_tau15_alpha0p6_sigma0p8_beta0p1_bpe300.json,sweeps/20260201_214318/logs/r0487_tau15_alpha0p6_sigma0p8_beta0p1_bpe300.out,sweeps/20260201_214318/logs/r0487_tau15_alpha0p6_sigma0p8_beta0p1_bpe300.err,2298.311,15,0.6,0.8,0.1,300,1141787.000000,213886.000000,414290.000000,2.756009,0.362844,1.936966,0.455336,2.228724,1183.000000,1141787.000000,213886.000000,432574.000000,2.639518,0.378857,2.022451,0.440880,2.134520,1202.000000,1.044133
r0490_tau15_alpha0p6_sigma0p8_beta0p15_bpe200,0,sweeps/20260201_214318/json/r0490_tau15_alpha0p6_sigma0p8_beta0p15_bpe200.json,sweeps/20260201_214318/logs/r0490_tau15_alpha0p6_sigma0p8_beta0p15_bpe200.out,sweeps/20260201_214318/logs/r0490_tau15_alpha0p6_sigma0p8_beta0p15_bpe200.err,2230.456,15,0.6,0.8,0.15,200,1141787.000000,213886.000000,414290.000000,2.756009,0.362844,1.936966,0.455336,2.228724,1183.000000,1141787.000000,213886.000000,441300.000000,2.587326,0.386499,2.063249,0.448402,2.092314,1189.000000,1.065196
r0488_tau15_alpha0p6_sigma0p8_beta0p1_bpe400,0,sweeps/20260201_214318/json/r0488_tau15_alpha0p6_sigma0p8_beta0p1_bpe400.json,sweeps/20260201_214318/logs/r0488_tau15_alpha0p6_sigma0p8_beta0p1_bpe400.out,sweeps/20260201_214318/logs/r0488_tau15_alpha0p6_sigma0p8_beta0p1_bpe400.err,2399.799,15,0.6,0.8,0.1,400,1141787.000000,213886.000000,414290.000000,2.756009,0.362844,1.936966,0.455336,2.228724,1183.000000,1141787.000000,213886.000000,424632.000000,2.688886,0.371901,1.985319,0.437981,2.174443,1195.000000,1.024963
r0493_tau15_alpha0p6_sigma0p8_beta0p2_bpe100,0,sweeps/20260201_214318/json/r0493_tau15_alpha0p6_sigma0p8_beta0p2_bpe100.json,sweeps/20260201_214318/logs/r0493_tau15_alpha0p6_sigma0p8_beta0p2_bpe100.out,sweeps/20260201_214318/logs/r0493_tau15_alpha0p6_sigma0p8_beta0p2_bpe100.err,2108.553,15,0.6,0.8,0.2,100,1141787.000000,213886.000000,414290.000000,2.756009,0.362844,1.936966,0.455336,2.228724,1183.000000,1141787.000000,213886.000000,465522.000000,2.452703,0.407714,2.176496,0.467029,1.983447,1199.000000,1.123662
r0491_tau15_alpha0p6_sigma0p8_beta0p15_bpe300,0,sweeps/20260201_214318/json/r0491_tau15_alpha0p6_sigma0p8_beta0p15_bpe300.json,sweeps/20260201_214318/logs/r0491_tau15_alpha0p6_sigma0p8_beta0p15_bpe300.out,sweeps/20260201_214318/logs/r0491_tau15_alpha0p6_sigma0p8_beta0p15_bpe300.err,2329.257,15,0.6,0.8,0.15,300,1141787.000000,213886.000000,414290.000000,2.756009,0.362844,1.936966,0.455336,2.228724,1183.000000,1141787.000000,213886.000000,432590.000000,2.639421,0.378871,2.022526,0.441441,2.134441,1203.000000,1.044172
r0492_tau15_alpha0p6_sigma0p8_beta0p15_bpe400,0,sweeps/20260201_214318/json/r0492_tau15_alpha0p6_sigma0p8_beta0p15_bpe400.json,sweeps/20260201_214318/logs/r0492_tau15_alpha0p6_sigma0p8_beta0p15_bpe400.out,sweeps/20260201_214318/logs/r0492_tau15_alpha0p6_sigma0p8_beta0p15_bpe400.err,2337.357,15,0.6,0.8,0.15,400,1141787.000000,213886.000000,414290.000000,2.756009,0.362844,1.936966,0.455336,2.228724,1183.000000,1141787.000000,213886.000000,424604.000000,2.689063,0.371877,1.985188,0.438953,2.174586,1194.000000,1.024896
r0494_tau15_alpha0p6_sigma0p8_beta0p2_bpe200,0,sweeps/20260201_214318/json/r0494_tau15_alpha0p6_sigma0p8_beta0p2_bpe200.json,sweeps/20260201_214318/logs/r0494_tau15_alpha0p6_sigma0p8_beta0p2_bpe200.out,sweeps/20260201_214318/logs/r0494_tau15_alpha0p6_sigma0p8_beta0p2_bpe200.err,2190.533,15,0.6,0.8,0.2,200,1141787.000000,213886.000000,414290.000000,2.756009,0.362844,1.936966,0.455336,2.228724,1183.000000,1141787.000000,213886.000000,441470.000000,2.586330,0.386648,2.064043,0.449253,2.091508,1186.000000,1.065606
r0495_tau15_alpha0p6_sigma0p8_beta0p2_bpe300,0,sweeps/20260201_214318/json/r0495_tau15_alpha0p6_sigma0p8_beta0p2_bpe300.json,sweeps/20260201_214318/logs/r0495_tau15_alpha0p6_sigma0p8_beta0p2_bpe300.out,sweeps/20260201_214318/logs/r0495_tau15_alpha0p6_sigma0p8_beta0p2_bpe300.err,2276.045,15,0.6,0.8,0.2,300,1141787.000000,213886.000000,414290.000000,2.756009,0.362844,1.936966,0.455336,2.228724,1183.000000,1141787.000000,213886.000000,432501.000000,2.639964,0.378793,2.022110,0.441862,2.134881,1203.000000,1.043957
r0497_tau15_alpha0p6_sigma1_beta0p01_bpe100,0,sweeps/20260201_214318/json/r0497_tau15_alpha0p6_sigma1_beta0p01_bpe100.json,sweeps/20260201_214318/logs/r0497_tau15_alpha0p6_sigma1_beta0p01_bpe100.out,sweeps/20260201_214318/logs/r0497_tau15_alpha0p6_sigma1_beta0p01_bpe100.err,2154.455,15,0.6,1.0,0.01,100,1141787.000000,213886.000000,414290.000000,2.756009,0.362844,1.936966,0.455336,2.228724,1183.000000,1141787.000000,213886.000000,465832.000000,2.451070,0.407985,2.177945,0.466627,1.982127,1196.000000,1.124410
r0498_tau15_alpha0p6_sigma1_beta0p01_bpe200,0,sweeps/20260201_214318/json/r0498_tau15_alpha0p6_sigma1_beta0p01_bpe200.json,sweeps/20260201_214318/logs/r0498_tau15_alpha0p6_sigma1_beta0p01_bpe200.out,sweeps/20260201_214318/logs/r0498_tau15_alpha0p6_sigma1_beta0p01_bpe200.err,2206.986,15,0.6,1.0,0.01,200,1141787.000000,213886.000000,414290.000000,2.756009,0.362844,1.936966,0.455336,2.228724,1183.000000,1141787.000000,213886.000000,441473.000000,2.586312,0.386651,2.064057,0.446761,2.091494,1188.000000,1.065613
r0496_tau15_alpha0p6_sigma0p8_beta0p2_bpe400,0,sweeps/20260201_214318/json/r0496_tau15_alpha0p6_sigma0p8_beta0p2_bpe400.json,sweeps/20260201_214318/logs/r0496_tau15_alpha0p6_sigma0p8_beta0p2_bpe400.out,sweeps/20260201_214318/logs/r0496_tau15_alpha0p6_sigma0p8_beta0p2_bpe400.err,2407.113,15,0.6,0.8,0.2,400,1141787.000000,213886.000000,414290.000000,2.756009,0.362844,1.936966,0.455336,2.228724,1183.000000,1141787.000000,213886.000000,424633.000000,2.688880,0.371902,1.985324,0.438720,2.174438,1194.000000,1.024966
r0499_tau15_alpha0p6_sigma1_beta0p01_bpe300,0,sweeps/20260201_214318/json/r0499_tau15_alpha0p6_sigma1_beta0p01_bpe300.json,sweeps/20260201_214318/logs/r0499_tau15_alpha0p6_sigma1_beta0p01_bpe300.out,sweeps/20260201_214318/logs/r0499_tau15_alpha0p6_sigma1_beta0p01_bpe300.err,2274.209,15,0.6,1.0,0.01,300,1141787.000000,213886.000000,414290.000000,2.756009,0.362844,1.936966,0.455336,2.228724,1183.000000,1141787.000000,213886.000000,432539.000000,2.639732,0.378826,2.022288,0.439384,2.134693,1200.000000,1.044049
r0501_tau15_alpha0p6_sigma1_beta0p1_bpe100,0,sweeps/20260201_214318/json/r0501_tau15_alpha0p6_sigma1_beta0p1_bpe100.json,sweeps/20260201_214318/logs/r0501_tau15_alpha0p6_sigma1_beta0p1_bpe100.out,sweeps/20260201_214318/logs/r0501_tau15_alpha0p6_sigma1_beta0p1_bpe100.err,2163.119,15,0.6,1.0,0.1,100,1141787.000000,213886.000000,414290.000000,2.756009,0.362844,1.936966,0.455336,2.228724,1183.000000,1141787.000000,213886.000000,465281.000000,2.453973,0.407502,2.175369,0.464579,1.984474,1198.000000,1.123080
r0502_tau15_alpha0p6_sigma1_beta0p1_bpe200,0,sweeps/20260201_214318/json/r0502_tau15_alpha0p6_sigma1_beta0p1_bpe200.json,sweeps/20260201_214318/logs/r0502_tau15_alpha0p6_sigma1_beta0p1_bpe200.out,sweeps/20260201_214318/logs/r0502_tau15_alpha0p6_sigma1_beta0p1_bpe200.err,2202.971,15,0.6,1.0,0.1,200,1141787.000000,213886.000000,414290.000000,2.756009,0.362844,1.936966,0.455336,2.228724,1183.000000,1141787.000000,213886.000000,441498.000000,2.586166,0.386673,2.064174,0.447963,2.091375,1189.000000,1.065674
r0500_tau15_alpha0p6_sigma1_beta0p01_bpe400,0,sweeps/20260201_214318/json/r0500_tau15_alpha0p6_sigma1_beta0p01_bpe400.json,sweeps/20260201_214318/logs/r0500_tau15_alpha0p6_sigma1_beta0p01_bpe400.out,sweeps/20260201_214318/logs/r0500_tau15_alpha0p6_sigma1_beta0p01_bpe400.err,2361.765,15,0.6,1.0,0.01,400,1141787.000000,213886.000000,414290.000000,2.756009,0.362844,1.936966,0.455336,2.228724,1183.000000,1141787.000000,213886.000000,424699.000000,2.688462,0.371960,1.985633,0.437780,2.174100,1194.000000,1.025125
r0505_tau15_alpha0p6_sigma1_beta0p15_bpe100,0,sweeps/20260201_214318/json/r0505_tau15_alpha0p6_sigma1_beta0p15_bpe100.json,sweeps/20260201_214318/logs/r0505_tau15_alpha0p6_sigma1_beta0p15_bpe100.out,sweeps/20260201_214318/logs/r0505_tau15_alpha0p6_sigma1_beta0p15_bpe100.err,2127.574,15,0.6,1.0,0.15,100,1141787.000000,213886.000000,414290.000000,2.756009,0.362844,1.936966,0.455336,2.228724,1183.000000,1141787.000000,213886.000000,465754.000000,2.451481,0.407917,2.177581,0.464271,1.982459,1199.000000,1.124222
r0503_tau15_alpha0p6_sigma1_beta0p1_bpe300,0,sweeps/20260201_214318/json/r0503_tau15_alpha0p6_sigma1_beta0p1_bpe300.json,sweeps/20260201_214318/logs/r0503_tau15_alpha0p6_sigma1_beta0p1_bpe300.out,sweeps/20260201_214318/logs/r0503_tau15_alpha0p6_sigma1_beta0p1_bpe300.err,2318.341,15,0.6,1.0,0.1,300,1141787.000000,213886.000000,414290.000000,2.756009,0.362844,1.936966,0.455336,2.228724,1183.000000,1141787.000000,213886.000000,432574.000000,2.639518,0.378857,2.022451,0.440880,2.134520,1202.000000,1.044133
r0506_tau15_alpha0p6_sigma1_beta0p15_bpe200,0,sweeps/20260201_214318/json/r0506_tau15_alpha0p6_sigma1_beta0p15_bpe200.json,sweeps/20260201_214318/logs/r0506_tau15_alpha0p6_sigma1_beta0p15_bpe200.out,sweeps/20260201_214318/logs/r0506_tau15_alpha0p6_sigma1_beta0p15_bpe200.err,2272.103,15,0.6,1.0,0.15,200,1141787.000000,213886.000000,414290.000000,2.756009,0.362844,1.936966,0.455336,2.228724,1183.000000,1141787.000000,213886.000000,441300.000000,2.587326,0.386499,2.063249,0.448402,2.092314,1189.000000,1.065196
r0507_tau15_alpha0p6_sigma1_beta0p15_bpe300,0,sweeps/20260201_214318/json/r0507_tau15_alpha0p6_sigma1_beta0p15_bpe300.json,sweeps/20260201_214318/logs/r0507_tau15_alpha0p6_sigma1_beta0p15_bpe300.out,sweeps/20260201_214318/logs/r0507_tau15_alpha0p6_sigma1_beta0p15_bpe300.err,2257.766,15,0.6,1.0,0.15,300,1141787.000000,213886.000000,414290.000000,2.756009,0.362844,1.936966,0.455336,2.228724,1183.000000,1141787.000000,213886.000000,432590.000000,2.639421,0.378871,2.022526,0.441441,2.134441,1203.000000,1.044172
r0504_tau15_alpha0p6_sigma1_beta0p1_bpe400,0,sweeps/20260201_214318/json/r0504_tau15_alpha0p6_sigma1_beta0p1_bpe400.json,sweeps/20260201_214318/logs/r0504_tau15_alpha0p6_sigma1_beta0p1_bpe400.out,sweeps/20260201_214318/logs/r0504_tau15_alpha0p6_sigma1_beta0p1_bpe400.err,2390.414,15,0.6,1.0,0.1,400,1141787.000000,213886.000000,414290.000000,2.756009,0.362844,1.936966,0.455336,2.228724,1183.000000,1141787.000000,213886.000000,424632.000000,2.688886,0.371901,1.985319,0.437981,2.174443,1195.000000,1.024963
r0509_tau15_alpha0p6_sigma1_beta0p2_bpe100,0,sweeps/20260201_214318/json/r0509_tau15_alpha0p6_sigma1_beta0p2_bpe100.json,sweeps/20260201_214318/logs/r0509_tau15_alpha0p6_sigma1_beta0p2_bpe100.out,sweeps/20260201_214318/logs/r0509_tau15_alpha0p6_sigma1_beta0p2_bpe100.err,2153.851,15,0.6,1.0,0.2,100,1141787.000000,213886.000000,414290.000000,2.756009,0.362844,1.936966,0.455336,2.228724,1183.000000,1141787.000000,213886.000000,465522.000000,2.452703,0.407714,2.176496,0.467029,1.983447,1199.000000,1.123662
r0510_tau15_alpha0p6_sigma1_beta0p2_bpe200,0,sweeps/20260201_214318/json/r0510_tau15_alpha0p6_sigma1_beta0p2_bpe200.json,sweeps/20260201_214318/logs/r0510_tau15_alpha0p6_sigma1_beta0p2_bpe200.out,sweeps/20260201_214318/logs/r0510_tau15_alpha0p6_sigma1_beta0p2_bpe200.err,2215.688,15,0.6,1.0,0.2,200,1141787.000000,213886.000000,414290.000000,2.756009,0.362844,1.936966,0.455336,2.228724,1183.000000,1141787.000000,213886.000000,441470.000000,2.586330,0.386648,2.064043,0.449253,2.091508,1186.000000,1.065606
r0508_tau15_alpha0p6_sigma1_beta0p15_bpe400,0,sweeps/20260201_214318/json/r0508_tau15_alpha0p6_sigma1_beta0p15_bpe400.json,sweeps/20260201_214318/logs/r0508_tau15_alpha0p6_sigma1_beta0p15_bpe400.out,sweeps/20260201_214318/logs/r0508_tau15_alpha0p6_sigma1_beta0p15_bpe400.err,2375.851,15,0.6,1.0,0.15,400,1141787.000000,213886.000000,414290.000000,2.756009,0.362844,1.936966,0.455336,2.228724,1183.000000,1141787.000000,213886.000000,424604.000000,2.689063,0.371877,1.985188,0.438953,2.174586,1194.000000,1.024896
r0511_tau15_alpha0p6_sigma1_beta0p2_bpe300,0,sweeps/20260201_214318/json/r0511_tau15_alpha0p6_sigma1_beta0p2_bpe300.json,sweeps/20260201_214318/logs/r0511_tau15_alpha0p6_sigma1_beta0p2_bpe300.out,sweeps/20260201_214318/logs/r0511_tau15_alpha0p6_sigma1_beta0p2_bpe300.err,2292.444,15,0.6,1.0,0.2,300,1141787.000000,213886.000000,414290.000000,2.756009,0.362844,1.936966,0.455336,2.228724,1183.000000,1141787.000000,213886.000000,432501.000000,2.639964,0.378793,2.022110,0.441862,2.134881,1203.000000,1.043957
r0513_tau15_alpha0p8_sigma0p4_beta0p01_bpe100,0,sweeps/20260201_214318/json/r0513_tau15_alpha0p8_sigma0p4_beta0p01_bpe100.json,sweeps/20260201_214318/logs/r0513_tau15_alpha0p8_sigma0p4_beta0p01_bpe100.out,sweeps/20260201_214318/logs/r0513_tau15_alpha0p8_sigma0p4_beta0p01_bpe100.err,2154.706,15,0.8,0.4,0.01,100,1141787.000000,213886.000000,414290.000000,2.756009,0.362844,1.936966,0.455336,2.228724,1183.000000,1141787.000000,213886.000000,465517.000000,2.452729,0.407709,2.176473,0.467712,1.983468,1204.000000,1.123650
r0512_tau15_alpha0p6_sigma1_beta0p2_bpe400,0,sweeps/20260201_214318/json/r0512_tau15_alpha0p6_sigma1_beta0p2_bpe400.json,sweeps/20260201_214318/logs/r0512_tau15_alpha0p6_sigma1_beta0p2_bpe400.out,sweeps/20260201_214318/logs/r0512_tau15_alpha0p6_sigma1_beta0p2_bpe400.err,2378.224,15,0.6,1.0,0.2,400,1141787.000000,213886.000000,414290.000000,2.756009,0.362844,1.936966,0.455336,2.228724,1183.000000,1141787.000000,213886.000000,424633.000000,2.688880,0.371902,1.985324,0.438720,2.174438,1194.000000,1.024966
r0514_tau15_alpha0p8_sigma0p4_beta0p01_bpe200,0,sweeps/20260201_214318/json/r0514_tau15_alpha0p8_sigma0p4_beta0p01_bpe200.json,sweeps/20260201_214318/logs/r0514_tau15_alpha0p8_sigma0p4_beta0p01_bpe200.out,sweeps/20260201_214318/logs/r0514_tau15_alpha0p8_sigma0p4_beta0p01_bpe200.err,2242.625,15,0.8,0.4,0.01,200,1141787.000000,213886.000000,414290.000000,2.756009,0.362844,1.936966,0.455336,2.228724,1183.000000,1141787.000000,213886.000000,441637.000000,2.585352,0.386795,2.064824,0.447883,2.090717,1192.000000,1.066009
r0517_tau15_alpha0p8_sigma0p4_beta0p1_bpe100,0,sweeps/20260201_214318/json/r0517_tau15_alpha0p8_sigma0p4_beta0p1_bpe100.json,sweeps/20260201_214318/logs/r0517_tau15_alpha0p8_sigma0p4_beta0p1_bpe100.out,sweeps/20260201_214318/logs/r0517_tau15_alpha0p8_sigma0p4_beta0p1_bpe100.err,2120.664,15,0.8,0.4,0.1,100,1141787.000000,213886.000000,414290.000000,2.756009,0.362844,1.936966,0.455336,2.228724,1183.000000,1141787.000000,213886.000000,465622.000000,2.452176,0.407801,2.176963,0.467338,1.983021,1195.000000,1.123904
r0515_tau15_alpha0p8_sigma0p4_beta0p01_bpe300,0,sweeps/20260201_214318/json/r0515_tau15_alpha0p8_sigma0p4_beta0p01_bpe300.json,sweeps/20260201_214318/logs/r0515_tau15_alpha0p8_sigma0p4_beta0p01_bpe300.out,sweeps/20260201_214318/logs/r0515_tau15_alpha0p8_sigma0p4_beta0p01_bpe300.err,2265.367,15,0.8,0.4,0.01,300,1141787.000000,213886.000000,414290.000000,2.756009,0.362844,1.936966,0.455336,2.228724,1183.000000,1141787.000000,213886.000000,432183.000000,2.641906,0.378515,2.020623,0.443400,2.136451,1202.000000,1.043190
r0516_tau15_alpha0p8_sigma0p4_beta0p01_bpe400,0,sweeps/20260201_214318/json/r0516_tau15_alpha0p8_sigma0p4_beta0p01_bpe400.json,sweeps/20260201_214318/logs/r0516_tau15_alpha0p8_sigma0p4_beta0p01_bpe400.out,sweeps/20260201_214318/logs/r0516_tau15_alpha0p8_sigma0p4_beta0p01_bpe400.err,2357.981,15,0.8,0.4,0.01,400,1141787.000000,213886.000000,414290.000000,2.756009,0.362844,1.936966,0.455336,2.228724,1183.000000,1141787.000000,213886.000000,424304.000000,2.690964,0.371614,1.983786,0.438612,2.176124,1193.000000,1.024171
r0518_tau15_alpha0p8_sigma0p4_beta0p1_bpe200,0,sweeps/20260201_214318/json/r0518_tau15_alpha0p8_sigma0p4_beta0p1_bpe200.json,sweeps/20260201_214318/logs/r0518_tau15_alpha0p8_sigma0p4_beta0p1_bpe200.out,sweeps/20260201_214318/logs/r0518_tau15_alpha0p8_sigma0p4_beta0p1_bpe200.err,2249.484,15,0.8,0.4,0.1,200,1141787.000000,213886.000000,414290.000000,2.756009,0.362844,1.936966,0.455336,2.228724,1183.000000,1141787.000000,213886.000000,441246.000000,2.587643,0.386452,2.062996,0.448449,2.092570,1195.000000,1.065066
r0519_tau15_alpha0p8_sigma0p4_beta0p1_bpe300,0,sweeps/20260201_214318/json/r0519_tau15_alpha0p8_sigma0p4_beta0p1_bpe300.json,sweeps/20260201_214318/logs/r0519_tau15_alpha0p8_sigma0p4_beta0p1_bpe300.out,sweeps/20260201_214318/logs/r0519_tau15_alpha0p8_sigma0p4_beta0p1_bpe300.err,2296.558,15,0.8,0.4,0.1,300,1141787.000000,213886.000000,414290.000000,2.756009,0.362844,1.936966,0.455336,2.228724,1183.000000,1141787.000000,213886.000000,431960.000000,2.643270,0.378319,2.019581,0.442497,2.137554,1206.000000,1.042651
r0521_tau15_alpha0p8_sigma0p4_beta0p15_bpe100,0,sweeps/20260201_214318/json/r0521_tau15_alpha0p8_sigma0p4_beta0p15_bpe100.json,sweeps/20260201_214318/logs/r0521_tau15_alpha0p8_sigma0p4_beta0p15_bpe100.out,sweeps/20260201_214318/logs/r0521_tau15_alpha0p8_sigma0p4_beta0p15_bpe100.err,2125.374,15,0.8,0.4,0.15,100,1141787.000000,213886.000000,414290.000000,2.756009,0.362844,1.936966,0.455336,2.228724,1183.000000,1141787.000000,213886.000000,465779.000000,2.451349,0.407939,2.177697,0.468221,1.982352,1196.000000,1.124283
r0522_tau15_alpha0p8_sigma0p4_beta0p15_bpe200,0,sweeps/20260201_214318/json/r0522_tau15_alpha0p8_sigma0p4_beta0p15_bpe200.json,sweeps/20260201_214318/logs/r0522_tau15_alpha0p8_sigma0p4_beta0p15_bpe200.out,sweeps/20260201_214318/logs/r0522_tau15_alpha0p8_sigma0p4_beta0p15_bpe200.err,2207.967,15,0.8,0.4,0.15,200,1141787.000000,213886.000000,414290.000000,2.756009,0.362844,1.936966,0.455336,2.228724,1183.000000,1141787.000000,213886.000000,441309.000000,2.587273,0.386507,2.063291,0.449487,2.092271,1194.000000,1.065218
r0520_tau15_alpha0p8_sigma0p4_beta0p1_bpe400,0,sweeps/20260201_214318/json/r0520_tau15_alpha0p8_sigma0p4_beta0p1_bpe400.json,sweeps/20260201_214318/logs/r0520_tau15_alpha0p8_sigma0p4_beta0p1_bpe400.out,sweeps/20260201_214318/logs/r0520_tau15_alpha0p8_sigma0p4_beta0p1_bpe400.err,2352.885,15,0.8,0.4,0.1,400,1141787.000000,213886.000000,414290.000000,2.756009,0.362844,1.936966,0.455336,2.228724,1183.000000,1141787.000000,213886.000000,424250.000000,2.691307,0.371567,1.983533,0.438308,2.176401,1192.000000,1.024041
r0525_tau15_alpha0p8_sigma0p4_beta0p2_bpe100,0,sweeps/20260201_214318/json/r0525_tau15_alpha0p8_sigma0p4_beta0p2_bpe100.json,sweeps/20260201_214318/logs/r0525_tau15_alpha0p8_sigma0p4_beta0p2_bpe100.out,sweeps/20260201_214318/logs/r0525_tau15_alpha0p8_sigma0p4_beta0p2_bpe100.err,2129.531,15,0.8,0.4,0.2,100,1141787.000000,213886.000000,414290.000000,2.756009,0.362844,1.936966,0.455336,2.228724,1183.000000,1141787.000000,213886.000000,465567.000000,2.452465,0.407753,2.176706,0.467735,1.983255,1198.000000,1.123771
r0523_tau15_alpha0p8_sigma0p4_beta0p15_bpe300,0,sweeps/20260201_214318/json/r0523_tau15_alpha0p8_sigma0p4_beta0p15_bpe300.json,sweeps/20260201_214318/logs/r0523_tau15_alpha0p8_sigma0p4_beta0p15_bpe300.out,sweeps/20260201_214318/logs/r0523_tau15_alpha0p8_sigma0p4_beta0p15_bpe300.err,2313.287,15,0.8,0.4,0.15,300,1141787.000000,213886.000000,414290.000000,2.756009,0.362844,1.936966,0.455336,2.228724,1183.000000,1141787.000000,213886.000000,431572.000000,2.645647,0.377979,2.017766,0.442493,2.139476,1206.000000,1.041715
r0524_tau15_alpha0p8_sigma0p4_beta0p15_bpe400,0,sweeps/20260201_214318/json/r0524_tau15_alpha0p8_sigma0p4_beta0p15_bpe400.json,sweeps/20260201_214318/logs/r0524_tau15_alpha0p8_sigma0p4_beta0p15_bpe400.out,sweeps/20260201_214318/logs/r0524_tau15_alpha0p8_sigma0p4_beta0p15_bpe400.err,2369.939,15,0.8,0.4,0.15,400,1141787.000000,213886.000000,414290.000000,2.756009,0.362844,1.936966,0.455336,2.228724,1183.000000,1141787.000000,213886.000000,424359.000000,2.690616,0.371662,1.984043,0.439332,2.175842,1189.000000,1.024304
r0526_tau15_alpha0p8_sigma0p4_beta0p2_bpe200,0,sweeps/20260201_214318/json/r0526_tau15_alpha0p8_sigma0p4_beta0p2_bpe200.json,sweeps/20260201_214318/logs/r0526_tau15_alpha0p8_sigma0p4_beta0p2_bpe200.out,sweeps/20260201_214318/logs/r0526_tau15_alpha0p8_sigma0p4_beta0p2_bpe200.err,2247.593,15,0.8,0.4,0.2,200,1141787.000000,213886.000000,414290.000000,2.756009,0.362844,1.936966,0.455336,2.228724,1183.000000,1141787.000000,213886.000000,441439.000000,2.586511,0.386621,2.063899,0.450357,2.091655,1195.000000,1.065531
r0529_tau15_alpha0p8_sigma0p6_beta0p01_bpe100,0,sweeps/20260201_214318/json/r0529_tau15_alpha0p8_sigma0p6_beta0p01_bpe100.json,sweeps/20260201_214318/logs/r0529_tau15_alpha0p8_sigma0p6_beta0p01_bpe100.out,sweeps/20260201_214318/logs/r0529_tau15_alpha0p8_sigma0p6_beta0p01_bpe100.err,2159.380,15,0.8,0.6,0.01,100,1141787.000000,213886.000000,414290.000000,2.756009,0.362844,1.936966,0.455336,2.228724,1183.000000,1141787.000000,213886.000000,465517.000000,2.452729,0.407709,2.176473,0.467712,1.983468,1204.000000,1.123650
r0527_tau15_alpha0p8_sigma0p4_beta0p2_bpe300,0,sweeps/20260201_214318/json/r0527_tau15_alpha0p8_sigma0p4_beta0p2_bpe300.json,sweeps/20260201_214318/logs/r0527_tau15_alpha0p8_sigma0p4_beta0p2_bpe300.out,sweeps/20260201_214318/logs/r0527_tau15_alpha0p8_sigma0p4_beta0p2_bpe300.err,2322.798,15,0.8,0.4,0.2,300,1141787.000000,213886.000000,414290.000000,2.756009,0.362844,1.936966,0.455336,2.228724,1183.000000,1141787.000000,213886.000000,431557.000000,2.645739,0.377966,2.017696,0.442006,2.139551,1203.000000,1.041679
r0530_tau15_alpha0p8_sigma0p6_beta0p01_bpe200,0,sweeps/20260201_214318/json/r0530_tau15_alpha0p8_sigma0p6_beta0p01_bpe200.json,sweeps/20260201_214318/logs/r0530_tau15_alpha0p8_sigma0p6_beta0p01_bpe200.out,sweeps/20260201_214318/logs/r0530_tau15_alpha0p8_sigma0p6_beta0p01_bpe200.err,2217.723,15,0.8,0.6,0.01,200,1141787.000000,213886.000000,414290.000000,2.756009,0.362844,1.936966,0.455336,2.228724,1183.000000,1141787.000000,213886.000000,441637.000000,2.585352,0.386795,2.064824,0.447883,2.090717,1192.000000,1.066009
r0528_tau15_alpha0p8_sigma0p4_beta0p2_bpe400,0,sweeps/20260201_214318/json/r0528_tau15_alpha0p8_sigma0p4_beta0p2_bpe400.json,sweeps/20260201_214318/logs/r0528_tau15_alpha0p8_sigma0p4_beta0p2_bpe400.out,sweeps/20260201_214318/logs/r0528_tau15_alpha0p8_sigma0p4_beta0p2_bpe400.err,2391.374,15,0.8,0.4,0.2,400,1141787.000000,213886.000000,414290.000000,2.756009,0.362844,1.936966,0.455336,2.228724,1183.000000,1141787.000000,213886.000000,424295.000000,2.691022,0.371606,1.983744,0.439332,2.176170,1189.000000,1.024150
r0531_tau15_alpha0p8_sigma0p6_beta0p01_bpe300,0,sweeps/20260201_214318/json/r0531_tau15_alpha0p8_sigma0p6_beta0p01_bpe300.json,sweeps/20260201_214318/logs/r0531_tau15_alpha0p8_sigma0p6_beta0p01_bpe300.out,sweeps/20260201_214318/logs/r0531_tau15_alpha0p8_sigma0p6_beta0p01_bpe300.err,2290.834,15,0.8,0.6,0.01,300,1141787.000000,213886.000000,414290.000000,2.756009,0.362844,1.936966,0.455336,2.228724,1183.000000,1141787.000000,213886.000000,432183.000000,2.641906,0.378515,2.020623,0.443400,2.136451,1202.000000,1.043190
r0533_tau15_alpha0p8_sigma0p6_beta0p1_bpe100,0,sweeps/20260201_214318/json/r0533_tau15_alpha0p8_sigma0p6_beta0p1_bpe100.json,sweeps/20260201_214318/logs/r0533_tau15_alpha0p8_sigma0p6_beta0p1_bpe100.out,sweeps/20260201_214318/logs/r0533_tau15_alpha0p8_sigma0p6_beta0p1_bpe100.err,2142.928,15,0.8,0.6,0.1,100,1141787.000000,213886.000000,414290.000000,2.756009,0.362844,1.936966,0.455336,2.228724,1183.000000,1141787.000000,213886.000000,465622.000000,2.452176,0.407801,2.176963,0.467338,1.983021,1195.000000,1.123904
r0534_tau15_alpha0p8_sigma0p6_beta0p1_bpe200,0,sweeps/20260201_214318/json/r0534_tau15_alpha0p8_sigma0p6_beta0p1_bpe200.json,sweeps/20260201_214318/logs/r0534_tau15_alpha0p8_sigma0p6_beta0p1_bpe200.out,sweeps/20260201_214318/logs/r0534_tau15_alpha0p8_sigma0p6_beta0p1_bpe200.err,2200.870,15,0.8,0.6,0.1,200,1141787.000000,213886.000000,414290.000000,2.756009,0.362844,1.936966,0.455336,2.228724,1183.000000,1141787.000000,213886.000000,441246.000000,2.587643,0.386452,2.062996,0.448449,2.092570,1195.000000,1.065066
r0532_tau15_alpha0p8_sigma0p6_beta0p01_bpe400,0,sweeps/20260201_214318/json/r0532_tau15_alpha0p8_sigma0p6_beta0p01_bpe400.json,sweeps/20260201_214318/logs/r0532_tau15_alpha0p8_sigma0p6_beta0p01_bpe400.out,sweeps/20260201_214318/logs/r0532_tau15_alpha0p8_sigma0p6_beta0p01_bpe400.err,2406.105,15,0.8,0.6,0.01,400,1141787.000000,213886.000000,414290.000000,2.756009,0.362844,1.936966,0.455336,2.228724,1183.000000,1141787.000000,213886.000000,424304.000000,2.690964,0.371614,1.983786,0.438612,2.176124,1193.000000,1.024171
r0537_tau15_alpha0p8_sigma0p6_beta0p15_bpe100,0,sweeps/20260201_214318/json/r0537_tau15_alpha0p8_sigma0p6_beta0p15_bpe100.json,sweeps/20260201_214318/logs/r0537_tau15_alpha0p8_sigma0p6_beta0p15_bpe100.out,sweeps/20260201_214318/logs/r0537_tau15_alpha0p8_sigma0p6_beta0p15_bpe100.err,2162.476,15,0.8,0.6,0.15,100,1141787.000000,213886.000000,414290.000000,2.756009,0.362844,1.936966,0.455336,2.228724,1183.000000,1141787.000000,213886.000000,465779.000000,2.451349,0.407939,2.177697,0.468221,1.982352,1196.000000,1.124283
r0535_tau15_alpha0p8_sigma0p6_beta0p1_bpe300,0,sweeps/20260201_214318/json/r0535_tau15_alpha0p8_sigma0p6_beta0p1_bpe300.json,sweeps/20260201_214318/logs/r0535_tau15_alpha0p8_sigma0p6_beta0p1_bpe300.out,sweeps/20260201_214318/logs/r0535_tau15_alpha0p8_sigma0p6_beta0p1_bpe300.err,2292.872,15,0.8,0.6,0.1,300,1141787.000000,213886.000000,414290.000000,2.756009,0.362844,1.936966,0.455336,2.228724,1183.000000,1141787.000000,213886.000000,431960.000000,2.643270,0.378319,2.019581,0.442497,2.137554,1206.000000,1.042651
r0538_tau15_alpha0p8_sigma0p6_beta0p15_bpe200,0,sweeps/20260201_214318/json/r0538_tau15_alpha0p8_sigma0p6_beta0p15_bpe200.json,sweeps/20260201_214318/logs/r0538_tau15_alpha0p8_sigma0p6_beta0p15_bpe200.out,sweeps/20260201_214318/logs/r0538_tau15_alpha0p8_sigma0p6_beta0p15_bpe200.err,2215.376,15,0.8,0.6,0.15,200,1141787.000000,213886.000000,414290.000000,2.756009,0.362844,1.936966,0.455336,2.228724,1183.000000,1141787.000000,213886.000000,441309.000000,2.587273,0.386507,2.063291,0.449487,2.092271,1194.000000,1.065218
r0536_tau15_alpha0p8_sigma0p6_beta0p1_bpe400,0,sweeps/20260201_214318/json/r0536_tau15_alpha0p8_sigma0p6_beta0p1_bpe400.json,sweeps/20260201_214318/logs/r0536_tau15_alpha0p8_sigma0p6_beta0p1_bpe400.out,sweeps/20260201_214318/logs/r0536_tau15_alpha0p8_sigma0p6_beta0p1_bpe400.err,2359.845,15,0.8,0.6,0.1,400,1141787.000000,213886.000000,414290.000000,2.756009,0.362844,1.936966,0.455336,2.228724,1183.000000,1141787.000000,213886.000000,424250.000000,2.691307,0.371567,1.983533,0.438308,2.176401,1192.000000,1.024041
r0539_tau15_alpha0p8_sigma0p6_beta0p15_bpe300,0,sweeps/20260201_214318/json/r0539_tau15_alpha0p8_sigma0p6_beta0p15_bpe300.json,sweeps/20260201_214318/logs/r0539_tau15_alpha0p8_sigma0p6_beta0p15_bpe300.out,sweeps/20260201_214318/logs/r0539_tau15_alpha0p8_sigma0p6_beta0p15_bpe300.err,2266.066,15,0.8,0.6,0.15,300,1141787.000000,213886.000000,414290.000000,2.756009,0.362844,1.936966,0.455336,2.228724,1183.000000,1141787.000000,213886.000000,431572.000000,2.645647,0.377979,2.017766,0.442493,2.139476,1206.000000,1.041715
r0541_tau15_alpha0p8_sigma0p6_beta0p2_bpe100,0,sweeps/20260201_214318/json/r0541_tau15_alpha0p8_sigma0p6_beta0p2_bpe100.json,sweeps/20260201_214318/logs/r0541_tau15_alpha0p8_sigma0p6_beta0p2_bpe100.out,sweeps/20260201_214318/logs/r0541_tau15_alpha0p8_sigma0p6_beta0p2_bpe100.err,2191.509,15,0.8,0.6,0.2,100,1141787.000000,213886.000000,414290.000000,2.756009,0.362844,1.936966,0.455336,2.228724,1183.000000,1141787.000000,213886.000000,465567.000000,2.452465,0.407753,2.176706,0.467735,1.983255,1198.000000,1.123771
r0540_tau15_alpha0p8_sigma0p6_beta0p15_bpe400,0,sweeps/20260201_214318/json/r0540_tau15_alpha0p8_sigma0p6_beta0p15_bpe400.json,sweeps/20260201_214318/logs/r0540_tau15_alpha0p8_sigma0p6_beta0p15_bpe400.out,sweeps/20260201_214318/logs/r0540_tau15_alpha0p8_sigma0p6_beta0p15_bpe400.err,2354.419,15,0.8,0.6,0.15,400,1141787.000000,213886.000000,414290.000000,2.756009,0.362844,1.936966,0.455336,2.228724,1183.000000,1141787.000000,213886.000000,424359.000000,2.690616,0.371662,1.984043,0.439332,2.175842,1189.000000,1.024304
r0542_tau15_alpha0p8_sigma0p6_beta0p2_bpe200,0,sweeps/20260201_214318/json/r0542_tau15_alpha0p8_sigma0p6_beta0p2_bpe200.json,sweeps/20260201_214318/logs/r0542_tau15_alpha0p8_sigma0p6_beta0p2_bpe200.out,sweeps/20260201_214318/logs/r0542_tau15_alpha0p8_sigma0p6_beta0p2_bpe200.err,2188.493,15,0.8,0.6,0.2,200,1141787.000000,213886.000000,414290.000000,2.756009,0.362844,1.936966,0.455336,2.228724,1183.000000,1141787.000000,213886.000000,441439.000000,2.586511,0.386621,2.063899,0.450357,2.091655,1195.000000,1.065531
r0545_tau15_alpha0p8_sigma0p8_beta0p01_bpe100,0,sweeps/20260201_214318/json/r0545_tau15_alpha0p8_sigma0p8_beta0p01_bpe100.json,sweeps/20260201_214318/logs/r0545_tau15_alpha0p8_sigma0p8_beta0p01_bpe100.out,sweeps/20260201_214318/logs/r0545_tau15_alpha0p8_sigma0p8_beta0p01_bpe100.err,2151.248,15,0.8,0.8,0.01,100,1141787.000000,213886.000000,414290.000000,2.756009,0.362844,1.936966,0.455336,2.228724,1183.000000,1141787.000000,213886.000000,465517.000000,2.452729,0.407709,2.176473,0.467712,1.983468,1204.000000,1.123650
r0546_tau15_alpha0p8_sigma0p8_beta0p01_bpe200,0,sweeps/20260201_214318/json/r0546_tau15_alpha0p8_sigma0p8_beta0p01_bpe200.json,sweeps/20260201_214318/logs/r0546_tau15_alpha0p8_sigma0p8_beta0p01_bpe200.out,sweeps/20260201_214318/logs/r0546_tau15_alpha0p8_sigma0p8_beta0p01_bpe200.err,2187.594,15,0.8,0.8,0.01,200,1141787.000000,213886.000000,414290.000000,2.756009,0.362844,1.936966,0.455336,2.228724,1183.000000,1141787.000000,213886.000000,441637.000000,2.585352,0.386795,2.064824,0.447883,2.090717,1192.000000,1.066009
r0543_tau15_alpha0p8_sigma0p6_beta0p2_bpe300,0,sweeps/20260201_214318/json/r0543_tau15_alpha0p8_sigma0p6_beta0p2_bpe300.json,sweeps/20260201_214318/logs/r0543_tau15_alpha0p8_sigma0p6_beta0p2_bpe300.out,sweeps/20260201_214318/logs/r0543_tau15_alpha0p8_sigma0p6_beta0p2_bpe300.err,2326.895,15,0.8,0.6,0.2,300,1141787.000000,213886.000000,414290.000000,2.756009,0.362844,1.936966,0.455336,2.228724,1183.000000,1141787.000000,213886.000000,431557.000000,2.645739,0.377966,2.017696,0.442006,2.139551,1203.000000,1.041679
r0544_tau15_alpha0p8_sigma0p6_beta0p2_bpe400,0,sweeps/20260201_214318/json/r0544_tau15_alpha0p8_sigma0p6_beta0p2_bpe400.json,sweeps/20260201_214318/logs/r0544_tau15_alpha0p8_sigma0p6_beta0p2_bpe400.out,sweeps/20260201_214318/logs/r0544_tau15_alpha0p8_sigma0p6_beta0p2_bpe400.err,2342.794,15,0.8,0.6,0.2,400,1141787.000000,213886.000000,414290.000000,2.756009,0.362844,1.936966,0.455336,2.228724,1183.000000,1141787.000000,213886.000000,424295.000000,2.691022,0.371606,1.983744,0.439332,2.176170,1189.000000,1.024150
r0549_tau15_alpha0p8_sigma0p8_beta0p1_bpe100,0,sweeps/20260201_214318/json/r0549_tau15_alpha0p8_sigma0p8_beta0p1_bpe100.json,sweeps/20260201_214318/logs/r0549_tau15_alpha0p8_sigma0p8_beta0p1_bpe100.out,sweeps/20260201_214318/logs/r0549_tau15_alpha0p8_sigma0p8_beta0p1_bpe100.err,2142.403,15,0.8,0.8,0.1,100,1141787.000000,213886.000000,414290.000000,2.756009,0.362844,1.936966,0.455336,2.228724,1183.000000,1141787.000000,213886.000000,465622.000000,2.452176,0.407801,2.176963,0.467338,1.983021,1195.000000,1.123904
r0547_tau15_alpha0p8_sigma0p8_beta0p01_bpe300,0,sweeps/20260201_214318/json/r0547_tau15_alpha0p8_sigma0p8_beta0p01_bpe300.json,sweeps/20260201_214318/logs/r0547_tau15_alpha0p8_sigma0p8_beta0p01_bpe300.out,sweeps/20260201_214318/logs/r0547_tau15_alpha0p8_sigma0p8_beta0p01_bpe300.err,2288.201,15,0.8,0.8,0.01,300,1141787.000000,213886.000000,414290.000000,2.756009,0.362844,1.936966,0.455336,2.228724,1183.000000,1141787.000000,213886.000000,432183.000000,2.641906,0.378515,2.020623,0.443400,2.136451,1202.000000,1.043190
r0550_tau15_alpha0p8_sigma0p8_beta0p1_bpe200,0,sweeps/20260201_214318/json/r0550_tau15_alpha0p8_sigma0p8_beta0p1_bpe200.json,sweeps/20260201_214318/logs/r0550_tau15_alpha0p8_sigma0p8_beta0p1_bpe200.out,sweeps/20260201_214318/logs/r0550_tau15_alpha0p8_sigma0p8_beta0p1_bpe200.err,2198.883,15,0.8,0.8,0.1,200,1141787.000000,213886.000000,414290.000000,2.756009,0.362844,1.936966,0.455336,2.228724,1183.000000,1141787.000000,213886.000000,441246.000000,2.587643,0.386452,2.062996,0.448449,2.092570,1195.000000,1.065066
r0548_tau15_alpha0p8_sigma0p8_beta0p01_bpe400,0,sweeps/20260201_214318/json/r0548_tau15_alpha0p8_sigma0p8_beta0p01_bpe400.json,sweeps/20260201_214318/logs/r0548_tau15_alpha0p8_sigma0p8_beta0p01_bpe400.out,sweeps/20260201_214318/logs/r0548_tau15_alpha0p8_sigma0p8_beta0p01_bpe400.err,2371.324,15,0.8,0.8,0.01,400,1141787.000000,213886.000000,414290.000000,2.756009,0.362844,1.936966,0.455336,2.228724,1183.000000,1141787.000000,213886.000000,424304.000000,2.690964,0.371614,1.983786,0.438612,2.176124,1193.000000,1.024171
r0553_tau15_alpha0p8_sigma0p8_beta0p15_bpe100,0,sweeps/20260201_214318/json/r0553_tau15_alpha0p8_sigma0p8_beta0p15_bpe100.json,sweeps/20260201_214318/logs/r0553_tau15_alpha0p8_sigma0p8_beta0p15_bpe100.out,sweeps/20260201_214318/logs/r0553_tau15_alpha0p8_sigma0p8_beta0p15_bpe100.err,2126.439,15,0.8,0.8,0.15,100,1141787.000000,213886.000000,414290.000000,2.756009,0.362844,1.936966,0.455336,2.228724,1183.000000,1141787.000000,213886.000000,465779.000000,2.451349,0.407939,2.177697,0.468221,1.982352,1196.000000,1.124283
r0551_tau15_alpha0p8_sigma0p8_beta0p1_bpe300,0,sweeps/20260201_214318/json/r0551_tau15_alpha0p8_sigma0p8_beta0p1_bpe300.json,sweeps/20260201_214318/logs/r0551_tau15_alpha0p8_sigma0p8_beta0p1_bpe300.out,sweeps/20260201_214318/logs/r0551_tau15_alpha0p8_sigma0p8_beta0p1_bpe300.err,2325.861,15,0.8,0.8,0.1,300,1141787.000000,213886.000000,414290.000000,2.756009,0.362844,1.936966,0.455336,2.228724,1183.000000,1141787.000000,213886.000000,431960.000000,2.643270,0.378319,2.019581,0.442497,2.137554,1206.000000,1.042651
r0554_tau15_alpha0p8_sigma0p8_beta0p15_bpe200,0,sweeps/20260201_214318/json/r0554_tau15_alpha0p8_sigma0p8_beta0p15_bpe200.json,sweeps/20260201_214318/logs/r0554_tau15_alpha0p8_sigma0p8_beta0p15_bpe200.out,sweeps/20260201_214318/logs/r0554_tau15_alpha0p8_sigma0p8_beta0p15_bpe200.err,2231.667,15,0.8,0.8,0.15,200,1141787.000000,213886.000000,414290.000000,2.756009,0.362844,1.936966,0.455336,2.228724,1183.000000,1141787.000000,213886.000000,441309.000000,2.587273,0.386507,2.063291,0.449487,2.092271,1194.000000,1.065218
r0552_tau15_alpha0p8_sigma0p8_beta0p1_bpe400,0,sweeps/20260201_214318/json/r0552_tau15_alpha0p8_sigma0p8_beta0p1_bpe400.json,sweeps/20260201_214318/logs/r0552_tau15_alpha0p8_sigma0p8_beta0p1_bpe400.out,sweeps/20260201_214318/logs/r0552_tau15_alpha0p8_sigma0p8_beta0p1_bpe400.err,2406.329,15,0.8,0.8,0.1,400,1141787.000000,213886.000000,414290.000000,2.756009,0.362844,1.936966,0.455336,2.228724,1183.000000,1141787.000000,213886.000000,424250.000000,2.691307,0.371567,1.983533,0.438308,2.176401,1192.000000,1.024041
r0557_tau15_alpha0p8_sigma0p8_beta0p2_bpe100,0,sweeps/20260201_214318/json/r0557_tau15_alpha0p8_sigma0p8_beta0p2_bpe100.json,sweeps/20260201_214318/logs/r0557_tau15_alpha0p8_sigma0p8_beta0p2_bpe100.out,sweeps/20260201_214318/logs/r0557_tau15_alpha0p8_sigma0p8_beta0p2_bpe100.err,2121.695,15,0.8,0.8,0.2,100,1141787.000000,213886.000000,414290.000000,2.756009,0.362844,1.936966,0.455336,2.228724,1183.000000,1141787.000000,213886.000000,465567.000000,2.452465,0.407753,2.176706,0.467735,1.983255,1198.000000,1.123771
r0555_tau15_alpha0p8_sigma0p8_beta0p15_bpe300,0,sweeps/20260201_214318/json/r0555_tau15_alpha0p8_sigma0p8_beta0p15_bpe300.json,sweeps/20260201_214318/logs/r0555_tau15_alpha0p8_sigma0p8_beta0p15_bpe300.out,sweeps/20260201_214318/logs/r0555_tau15_alpha0p8_sigma0p8_beta0p15_bpe300.err,2302.356,15,0.8,0.8,0.15,300,1141787.000000,213886.000000,414290.000000,2.756009,0.362844,1.936966,0.455336,2.228724,1183.000000,1141787.000000,213886.000000,431572.000000,2.645647,0.377979,2.017766,0.442493,2.139476,1206.000000,1.041715
r0558_tau15_alpha0p8_sigma0p8_beta0p2_bpe200,0,sweeps/20260201_214318/json/r0558_tau15_alpha0p8_sigma0p8_beta0p2_bpe200.json,sweeps/20260201_214318/logs/r0558_tau15_alpha0p8_sigma0p8_beta0p2_bpe200.out,sweeps/20260201_214318/logs/r0558_tau15_alpha0p8_sigma0p8_beta0p2_bpe200.err,2233.568,15,0.8,0.8,0.2,200,1141787.000000,213886.000000,414290.000000,2.756009,0.362844,1.936966,0.455336,2.228724,1183.000000,1141787.000000,213886.000000,441439.000000,2.586511,0.386621,2.063899,0.450357,2.091655,1195.000000,1.065531
r0556_tau15_alpha0p8_sigma0p8_beta0p15_bpe400,0,sweeps/20260201_214318/json/r0556_tau15_alpha0p8_sigma0p8_beta0p15_bpe400.json,sweeps/20260201_214318/logs/r0556_tau15_alpha0p8_sigma0p8_beta0p15_bpe400.out,sweeps/20260201_214318/logs/r0556_tau15_alpha0p8_sigma0p8_beta0p15_bpe400.err,2389.458,15,0.8,0.8,0.15,400,1141787.000000,213886.000000,414290.000000,2.756009,0.362844,1.936966,0.455336,2.228724,1183.000000,1141787.000000,213886.000000,424359.000000,2.690616,0.371662,1.984043,0.439332,2.175842,1189.000000,1.024304
r0559_tau15_alpha0p8_sigma0p8_beta0p2_bpe300,0,sweeps/20260201_214318/json/r0559_tau15_alpha0p8_sigma0p8_beta0p2_bpe300.json,sweeps/20260201_214318/logs/r0559_tau15_alpha0p8_sigma0p8_beta0p2_bpe300.out,sweeps/20260201_214318/logs/r0559_tau15_alpha0p8_sigma0p8_beta0p2_bpe300.err,2257.236,15,0.8,0.8,0.2,300,1141787.000000,213886.000000,414290.000000,2.756009,0.362844,1.936966,0.455336,2.228724,1183.000000,1141787.000000,213886.000000,431557.000000,2.645739,0.377966,2.017696,0.442006,2.139551,1203.000000,1.041679
r0561_tau15_alpha0p8_sigma1_beta0p01_bpe100,0,sweeps/20260201_214318/json/r0561_tau15_alpha0p8_sigma1_beta0p01_bpe100.json,sweeps/20260201_214318/logs/r0561_tau15_alpha0p8_sigma1_beta0p01_bpe100.out,sweeps/20260201_214318/logs/r0561_tau15_alpha0p8_sigma1_beta0p01_bpe100.err,2181.285,15,0.8,1.0,0.01,100,1141787.000000,213886.000000,414290.000000,2.756009,0.362844,1.936966,0.455336,2.228724,1183.000000,1141787.000000,213886.000000,465517.000000,2.452729,0.407709,2.176473,0.467712,1.983468,1204.000000,1.123650
r0562_tau15_alpha0p8_sigma1_beta0p01_bpe200,0,sweeps/20260201_214318/json/r0562_tau15_alpha0p8_sigma1_beta0p01_bpe200.json,sweeps/20260201_214318/logs/r0562_tau15_alpha0p8_sigma1_beta0p01_bpe200.out,sweeps/20260201_214318/logs/r0562_tau15_alpha0p8_sigma1_beta0p01_bpe200.err,2226.772,15,0.8,1.0,0.01,200,1141787.000000,213886.000000,414290.000000,2.756009,0.362844,1.936966,0.455336,2.228724,1183.000000,1141787.000000,213886.000000,441637.000000,2.585352,0.386795,2.064824,0.447883,2.090717,1192.000000,1.066009
r0560_tau15_alpha0p8_sigma0p8_beta0p2_bpe400,0,sweeps/20260201_214318/json/r0560_tau15_alpha0p8_sigma0p8_beta0p2_bpe400.json,sweeps/20260201_214318/logs/r0560_tau15_alpha0p8_sigma0p8_beta0p2_bpe400.out,sweeps/20260201_214318/logs/r0560_tau15_alpha0p8_sigma0p8_beta0p2_bpe400.err,2335.223,15,0.8,0.8,0.2,400,1141787.000000,213886.000000,414290.000000,2.756009,0.362844,1.936966,0.455336,2.228724,1183.000000,1141787.000000,213886.000000,424295.000000,2.691022,0.371606,1.983744,0.439332,2.176170,1189.000000,1.024150
r0565_tau15_alpha0p8_sigma1_beta0p1_bpe100,0,sweeps/20260201_214318/json/r0565_tau15_alpha0p8_sigma1_beta0p1_bpe100.json,sweeps/20260201_214318/logs/r0565_tau15_alpha0p8_sigma1_beta0p1_bpe100.out,sweeps/20260201_214318/logs/r0565_tau15_alpha0p8_sigma1_beta0p1_bpe100.err,2133.127,15,0.8,1.0,0.1,100,1141787.000000,213886.000000,414290.000000,2.756009,0.362844,1.936966,0.455336,2.228724,1183.000000,1141787.000000,213886.000000,465622.000000,2.452176,0.407801,2.176963,0.467338,1.983021,1195.000000,1.123904
r0563_tau15_alpha0p8_sigma1_beta0p01_bpe300,0,sweeps/20260201_214318/json/r0563_tau15_alpha0p8_sigma1_beta0p01_bpe300.json,sweeps/20260201_214318/logs/r0563_tau15_alpha0p8_sigma1_beta0p01_bpe300.out,sweeps/20260201_214318/logs/r0563_tau15_alpha0p8_sigma1_beta0p01_bpe300.err,2273.733,15,0.8,1.0,0.01,300,1141787.000000,213886.000000,414290.000000,2.756009,0.362844,1.936966,0.455336,2.228724,1183.000000,1141787.000000,213886.000000,432183.000000,2.641906,0.378515,2.020623,0.443400,2.136451,1202.000000,1.043190
r0566_tau15_alpha0p8_sigma1_beta0p1_bpe200,0,sweeps/20260201_214318/json/r0566_tau15_alpha0p8_sigma1_beta0p1_bpe200.json,sweeps/20260201_214318/logs/r0566_tau15_alpha0p8_sigma1_beta0p1_bpe200.out,sweeps/20260201_214318/logs/r0566_tau15_alpha0p8_sigma1_beta0p1_bpe200.err,2183.450,15,0.8,1.0,0.1,200,1141787.000000,213886.000000,414290.000000,2.756009,0.362844,1.936966,0.455336,2.228724,1183.000000,1141787.000000,213886.000000,441246.000000,2.587643,0.386452,2.062996,0.448449,2.092570,1195.000000,1.065066
r0564_tau15_alpha0p8_sigma1_beta0p01_bpe400,0,sweeps/20260201_214318/json/r0564_tau15_alpha0p8_sigma1_beta0p01_bpe400.json,sweeps/20260201_214318/logs/r0564_tau15_alpha0p8_sigma1_beta0p01_bpe400.out,sweeps/20260201_214318/logs/r0564_tau15_alpha0p8_sigma1_beta0p01_bpe400.err,2309.188,15,0.8,1.0,0.01,400,1141787.000000,213886.000000,414290.000000,2.756009,0.362844,1.936966,0.455336,2.228724,1183.000000,1141787.000000,213886.000000,424304.000000,2.690964,0.371614,1.983786,0.438612,2.176124,1193.000000,1.024171
r0569_tau15_alpha0p8_sigma1_beta0p15_bpe100,0,sweeps/20260201_214318/json/r0569_tau15_alpha0p8_sigma1_beta0p15_bpe100.json,sweeps/20260201_214318/logs/r0569_tau15_alpha0p8_sigma1_beta0p15_bpe100.out,sweeps/20260201_214318/logs/r0569_tau15_alpha0p8_sigma1_beta0p15_bpe100.err,2085.798,15,0.8,1.0,0.15,100,1141787.000000,213886.000000,414290.000000,2.756009,0.362844,1.936966,0.455336,2.228724,1183.000000,1141787.000000,213886.000000,465779.000000,2.451349,0.407939,2.177697,0.468221,1.982352,1196.000000,1.124283
r0567_tau15_alpha0p8_sigma1_beta0p1_bpe300,0,sweeps/20260201_214318/json/r0567_tau15_alpha0p8_sigma1_beta0p1_bpe300.json,sweeps/20260201_214318/logs/r0567_tau15_alpha0p8_sigma1_beta0p1_bpe300.out,sweeps/20260201_214318/logs/r0567_tau15_alpha0p8_sigma1_beta0p1_bpe300.err,2242.295,15,0.8,1.0,0.1,300,1141787.000000,213886.000000,414290.000000,2.756009,0.362844,1.936966,0.455336,2.228724,1183.000000,1141787.000000,213886.000000,431960.000000,2.643270,0.378319,2.019581,0.442497,2.137554,1206.000000,1.042651
r0570_tau15_alpha0p8_sigma1_beta0p15_bpe200,0,sweeps/20260201_214318/json/r0570_tau15_alpha0p8_sigma1_beta0p15_bpe200.json,sweeps/20260201_214318/logs/r0570_tau15_alpha0p8_sigma1_beta0p15_bpe200.out,sweeps/20260201_214318/logs/r0570_tau15_alpha0p8_sigma1_beta0p15_bpe200.err,2145.023,15,0.8,1.0,0.15,200,1141787.000000,213886.000000,414290.000000,2.756009,0.362844,1.936966,0.455336,2.228724,1183.000000,1141787.000000,213886.000000,441309.000000,2.587273,0.386507,2.063291,0.449487,2.092271,1194.000000,1.065218
r0568_tau15_alpha0p8_sigma1_beta0p1_bpe400,0,sweeps/20260201_214318/json/r0568_tau15_alpha0p8_sigma1_beta0p1_bpe400.json,sweeps/20260201_214318/logs/r0568_tau15_alpha0p8_sigma1_beta0p1_bpe400.out,sweeps/20260201_214318/logs/r0568_tau15_alpha0p8_sigma1_beta0p1_bpe400.err,2272.652,15,0.8,1.0,0.1,400,1141787.000000,213886.000000,414290.000000,2.756009,0.362844,1.936966,0.455336,2.228724,1183.000000,1141787.000000,213886.000000,424250.000000,2.691307,0.371567,1.983533,0.438308,2.176401,1192.000000,1.024041
r0571_tau15_alpha0p8_sigma1_beta0p15_bpe300,0,sweeps/20260201_214318/json/r0571_tau15_alpha0p8_sigma1_beta0p15_bpe300.json,sweeps/20260201_214318/logs/r0571_tau15_alpha0p8_sigma1_beta0p15_bpe300.out,sweeps/20260201_214318/logs/r0571_tau15_alpha0p8_sigma1_beta0p15_bpe300.err,2226.411,15,0.8,1.0,0.15,300,1141787.000000,213886.000000,414290.000000,2.756009,0.362844,1.936966,0.455336,2.228724,1183.000000,1141787.000000,213886.000000,431572.000000,2.645647,0.377979,2.017766,0.442493,2.139476,1206.000000,1.041715
r0573_tau15_alpha0p8_sigma1_beta0p2_bpe100,0,sweeps/20260201_214318/json/r0573_tau15_alpha0p8_sigma1_beta0p2_bpe100.json,sweeps/20260201_214318/logs/r0573_tau15_alpha0p8_sigma1_beta0p2_bpe100.out,sweeps/20260201_214318/logs/r0573_tau15_alpha0p8_sigma1_beta0p2_bpe100.err,2074.151,15,0.8,1.0,0.2,100,1141787.000000,213886.000000,414290.000000,2.756009,0.362844,1.936966,0.455336,2.228724,1183.000000,1141787.000000,213886.000000,465567.000000,2.452465,0.407753,2.176706,0.467735,1.983255,1198.000000,1.123771
r0572_tau15_alpha0p8_sigma1_beta0p15_bpe400,0,sweeps/20260201_214318/json/r0572_tau15_alpha0p8_sigma1_beta0p15_bpe400.json,sweeps/20260201_214318/logs/r0572_tau15_alpha0p8_sigma1_beta0p15_bpe400.out,sweeps/20260201_214318/logs/r0572_tau15_alpha0p8_sigma1_beta0p15_bpe400.err,2282.822,15,0.8,1.0,0.15,400,1141787.000000,213886.000000,414290.000000,2.756009,0.362844,1.936966,0.455336,2.228724,1183.000000,1141787.000000,213886.000000,424359.000000,2.690616,0.371662,1.984043,0.439332,2.175842,1189.000000,1.024304
r0574_tau15_alpha0p8_sigma1_beta0p2_bpe200,0,sweeps/20260201_214318/json/r0574_tau15_alpha0p8_sigma1_beta0p2_bpe200.json,sweeps/20260201_214318/logs/r0574_tau15_alpha0p8_sigma1_beta0p2_bpe200.out,sweeps/20260201_214318/logs/r0574_tau15_alpha0p8_sigma1_beta0p2_bpe200.err,2122.859,15,0.8,1.0,0.2,200,1141787.000000,213886.000000,414290.000000,2.756009,0.362844,1.936966,0.455336,2.228724,1183.000000,1141787.000000,213886.000000,441439.000000,2.586511,0.386621,2.063899,0.450357,2.091655,1195.000000,1.065531
r0575_tau15_alpha0p8_sigma1_beta0p2_bpe300,0,sweeps/20260201_214318/json/r0575_tau15_alpha0p8_sigma1_beta0p2_bpe300.json,sweeps/20260201_214318/logs/r0575_tau15_alpha0p8_sigma1_beta0p2_bpe300.out,sweeps/20260201_214318/logs/r0575_tau15_alpha0p8_sigma1_beta0p2_bpe300.err,2045.972,15,0.8,1.0,0.2,300,1141787.000000,213886.000000,414290.000000,2.756009,0.362844,1.936966,0.455336,2.228724,1183.000000,1141787.000000,213886.000000,431557.000000,2.645739,0.377966,2.017696,0.442006,2.139551,1203.000000,1.041679
r0576_tau15_alpha0p8_sigma1_beta0p2_bpe400,0,sweeps/20260201_214318/json/r0576_tau15_alpha0p8_sigma1_beta0p2_bpe400.json,sweeps/20260201_214318/logs/r0576_tau15_alpha0p8_sigma1_beta0p2_bpe400.out,sweeps/20260201_214318/logs/r0576_tau15_alpha0p8_sigma1_beta0p2_bpe400.err,2097.873,15,0.8,1.0,0.2,400,1141787.000000,213886.000000,414290.000000,2.756009,0.362844,1.936966,0.455336,2.228724,1183.000000,1141787.000000,213886.000000,424295.000000,2.691022,0.371606,1.983744,0.439332,2.176170,1189.000000,1.024150
